#
# A fatal error has been detected by the Java Runtime Environment:
#
#  EXCEPTION_ACCESS_VIOLATION (0xc0000005) at pc=0x00007ffdd5bd5321, pid=27104, tid=10412
#
# JRE version: OpenJDK Runtime Environment Microsoft-13877171 (21.0.11+10) (build 21.0.11+10-LTS)
# Java VM: OpenJDK 64-Bit Server VM Microsoft-13877171 (21.0.11+10-LTS, mixed mode, emulated-client, sharing, tiered, compressed oops, compressed class ptrs, g1 gc, windows-amd64)
# Problematic frame:
# V  [jvm.dll+0x59c1eb]
#
# No core dump will be written. Minidumps are not enabled by default on client versions of Windows
#
# JFR recording file will be written. Location: D:\ciclo_7\fundamentos\Nueva carpeta\car2go-microservicios\car2go-ms\ms-iam\hs_err_pid27104.jfr
#
# If you would like to submit a bug report, please visit:
#   https://github.com/microsoft/openjdk/issues
# The crash happened outside the Java Virtual Machine in native code.
# See problematic frame for where to report the bug.
#

---------------  S U M M A R Y ------------

Command Line: -XX:TieredStopAtLevel=1 -Dspring.output.ansi.enabled=always -Dcom.sun.management.jmxremote -Dspring.jmx.enabled=true -Dspring.liveBeansView.mbeanDomain -Dspring.application.admin.enabled=true -Dmanagement.endpoints.jmx.exposure.include=* -javaagent:C:\Users\Luis Díaz\AppData\Local\Programs\IntelliJ IDEA\lib\idea_rt.jar=53699 -Dfile.encoding=UTF-8 -Dsun.stdout.encoding=UTF-8 -Dsun.stderr.encoding=UTF-8 com.pe.platform.MsIamApplication

Host: 11th Gen Intel(R) Core(TM) i7-11800H @ 2.30GHz, 16 cores, 23G,  Windows 11 , 64 bit Build 26100 (10.0.26100.8328)
Time: Sat May 30 07:13:01 2026 Hora est. Pacífico, Sudamérica elapsed time: 6.470378 seconds (0d 0h 0m 6s)

---------------  T H R E A D  ---------------

Current thread (0x000001e92728dc10):  JavaThread "main"             [_thread_in_native, id=10412, stack(0x000000af37000000,0x000000af37100000) (1024K)]

Stack: [0x000000af37000000,0x000000af37100000],  sp=0x000000af370f9860,  free space=998k
Native frames: (J=compiled Java code, j=interpreted, Vv=VM code, C=native code)
C  0x00007ffdd5bd5321  (no source info available)

Java frames: (J=compiled Java code, j=interpreted, Vv=VM code)
j  com.zaxxer.hikari.pool.HikariPool.throwPoolInitializationException(Ljava/lang/Throwable;)V+4
j  com.zaxxer.hikari.pool.HikariPool.checkFailFast()V+135
j  com.zaxxer.hikari.pool.HikariPool.<init>(Lcom/zaxxer/hikari/HikariConfig;)V+127
j  com.zaxxer.hikari.HikariDataSource.getConnection()Ljava/sql/Connection;+82
j  org.hibernate.engine.jdbc.connections.internal.DatasourceConnectionProviderImpl.getConnection()Ljava/sql/Connection;+48
j  org.hibernate.engine.jdbc.env.internal.JdbcEnvironmentInitiator$ConnectionProviderJdbcConnectionAccess.obtainConnection()Ljava/sql/Connection;+4
j  org.hibernate.resource.transaction.backend.jdbc.internal.JdbcIsolationDelegate.delegateWork(Lorg/hibernate/jdbc/WorkExecutorVisitable;Z)Ljava/lang/Object;+6
j  org.hibernate.engine.jdbc.env.internal.JdbcEnvironmentInitiator.getJdbcEnvironmentUsingJdbcMetadata(Ljava/util/Map;Lorg/hibernate/service/spi/ServiceRegistryImplementor;Lorg/hibernate/engine/jdbc/dialect/spi/DialectFactory;Ljava/lang/String;Ljava/lang/Integer;Ljava/lang/Integer;Ljava/lang/String;)Lorg/hibernate/engine/jdbc/env/internal/JdbcEnvironmentImpl;+109
j  org.hibernate.engine.jdbc.env.internal.JdbcEnvironmentInitiator.initiateService(Ljava/util/Map;Lorg/hibernate/service/spi/ServiceRegistryImplementor;)Lorg/hibernate/engine/jdbc/env/spi/JdbcEnvironment;+123
j  org.hibernate.engine.jdbc.env.internal.JdbcEnvironmentInitiator.initiateService(Ljava/util/Map;Lorg/hibernate/service/spi/ServiceRegistryImplementor;)Lorg/hibernate/service/Service;+3
j  org.hibernate.boot.registry.internal.StandardServiceRegistryImpl.initiateService(Lorg/hibernate/service/spi/ServiceInitiator;)Lorg/hibernate/service/Service;+9
j  org.hibernate.service.internal.AbstractServiceRegistryImpl.createService(Lorg/hibernate/service/spi/ServiceBinding;)Lorg/hibernate/service/Service;+26
j  org.hibernate.service.internal.AbstractServiceRegistryImpl.initializeService(Lorg/hibernate/service/spi/ServiceBinding;)Lorg/hibernate/service/Service;+30
j  org.hibernate.service.internal.AbstractServiceRegistryImpl.getService(Ljava/lang/Class;)Lorg/hibernate/service/Service;+112
j  org.hibernate.boot.model.relational.Database.<init>(Lorg/hibernate/boot/spi/MetadataBuildingOptions;)V+10
j  org.hibernate.boot.internal.InFlightMetadataCollectorImpl.getDatabase()Lorg/hibernate/boot/model/relational/Database;+16
j  org.hibernate.boot.internal.InFlightMetadataCollectorImpl.<init>(Lorg/hibernate/boot/spi/BootstrapContext;Lorg/hibernate/boot/spi/MetadataBuildingOptions;)V+390
j  org.hibernate.boot.model.process.spi.MetadataBuildingProcess.complete(Lorg/hibernate/boot/model/process/spi/ManagedResources;Lorg/hibernate/boot/spi/BootstrapContext;Lorg/hibernate/boot/spi/MetadataBuildingOptions;)Lorg/hibernate/boot/spi/MetadataImplementor;+6
j  org.hibernate.jpa.boot.internal.EntityManagerFactoryBuilderImpl.metadata()Lorg/hibernate/boot/spi/MetadataImplementor;+30
j  org.hibernate.jpa.boot.internal.EntityManagerFactoryBuilderImpl.build()Ljakarta/persistence/EntityManagerFactory;+3
j  org.springframework.orm.jpa.vendor.SpringHibernateJpaPersistenceProvider.createContainerEntityManagerFactory(Ljakarta/persistence/spi/PersistenceUnitInfo;Ljava/util/Map;)Ljakarta/persistence/EntityManagerFactory;+59
j  org.springframework.orm.jpa.LocalContainerEntityManagerFactoryBean.createNativeEntityManagerFactory()Ljakarta/persistence/EntityManagerFactory;+111
j  org.springframework.orm.jpa.AbstractEntityManagerFactoryBean.buildNativeEntityManagerFactory()Ljakarta/persistence/EntityManagerFactory;+1
j  org.springframework.orm.jpa.AbstractEntityManagerFactoryBean.afterPropertiesSet()V+192
j  org.springframework.orm.jpa.LocalContainerEntityManagerFactoryBean.afterPropertiesSet()V+84
j  org.springframework.beans.factory.support.AbstractAutowireCapableBeanFactory.invokeInitMethods(Ljava/lang/String;Ljava/lang/Object;Lorg/springframework/beans/factory/support/RootBeanDefinition;)V+56
j  org.springframework.beans.factory.support.AbstractAutowireCapableBeanFactory.initializeBean(Ljava/lang/String;Ljava/lang/Object;Lorg/springframework/beans/factory/support/RootBeanDefinition;)Ljava/lang/Object;+34
j  org.springframework.beans.factory.support.AbstractAutowireCapableBeanFactory.doCreateBean(Ljava/lang/String;Lorg/springframework/beans/factory/support/RootBeanDefinition;[Ljava/lang/Object;)Ljava/lang/Object;+228
j  org.springframework.beans.factory.support.AbstractAutowireCapableBeanFactory.createBean(Ljava/lang/String;Lorg/springframework/beans/factory/support/RootBeanDefinition;[Ljava/lang/Object;)Ljava/lang/Object;+153
j  org.springframework.beans.factory.support.AbstractBeanFactory.lambda$doGetBean$0(Ljava/lang/String;Lorg/springframework/beans/factory/support/RootBeanDefinition;[Ljava/lang/Object;)Ljava/lang/Object;+4
j  org.springframework.beans.factory.support.AbstractBeanFactory$$Lambda+0x000001e941284778.getObject()Ljava/lang/Object;+16
j  org.springframework.beans.factory.support.DefaultSingletonBeanRegistry.getSingleton(Ljava/lang/String;Lorg/springframework/beans/factory/ObjectFactory;)Ljava/lang/Object;+114
J 3696 c1 org.springframework.beans.factory.support.AbstractBeanFactory.doGetBean(Ljava/lang/String;Ljava/lang/Class;[Ljava/lang/Object;Z)Ljava/lang/Object; (787 bytes) @ 0x000001e932644074 [0x000001e9326439a0+0x00000000000006d4]
j  org.springframework.beans.factory.support.AbstractBeanFactory.getBean(Ljava/lang/String;)Ljava/lang/Object;+5
j  org.springframework.beans.factory.support.BeanDefinitionValueResolver.resolveReference(Ljava/lang/Object;Lorg/springframework/beans/factory/config/RuntimeBeanReference;)Ljava/lang/Object;+145
j  org.springframework.beans.factory.support.BeanDefinitionValueResolver.resolveValueIfNecessary(Ljava/lang/Object;Ljava/lang/Object;)Ljava/lang/Object;+15
j  org.springframework.beans.factory.support.ConstructorResolver.resolveConstructorArguments(Ljava/lang/String;Lorg/springframework/beans/factory/support/RootBeanDefinition;Lorg/springframework/beans/BeanWrapper;Lorg/springframework/beans/factory/config/ConstructorArgumentValues;Lorg/springframework/beans/factory/config/ConstructorArgumentValues;)I+182
j  org.springframework.beans.factory.support.ConstructorResolver.instantiateUsingFactoryMethod(Ljava/lang/String;Lorg/springframework/beans/factory/support/RootBeanDefinition;[Ljava/lang/Object;)Lorg/springframework/beans/BeanWrapper;+588
j  org.springframework.beans.factory.support.AbstractAutowireCapableBeanFactory.instantiateUsingFactoryMethod(Ljava/lang/String;Lorg/springframework/beans/factory/support/RootBeanDefinition;[Ljava/lang/Object;)Lorg/springframework/beans/BeanWrapper;+11
j  org.springframework.beans.factory.support.AbstractAutowireCapableBeanFactory.createBeanInstance(Ljava/lang/String;Lorg/springframework/beans/factory/support/RootBeanDefinition;[Ljava/lang/Object;)Lorg/springframework/beans/BeanWrapper;+93
j  org.springframework.beans.factory.support.AbstractAutowireCapableBeanFactory.doCreateBean(Ljava/lang/String;Lorg/springframework/beans/factory/support/RootBeanDefinition;[Ljava/lang/Object;)Ljava/lang/Object;+34
j  org.springframework.beans.factory.support.AbstractAutowireCapableBeanFactory.createBean(Ljava/lang/String;Lorg/springframework/beans/factory/support/RootBeanDefinition;[Ljava/lang/Object;)Ljava/lang/Object;+153
j  org.springframework.beans.factory.support.AbstractBeanFactory.lambda$doGetBean$0(Ljava/lang/String;Lorg/springframework/beans/factory/support/RootBeanDefinition;[Ljava/lang/Object;)Ljava/lang/Object;+4
j  org.springframework.beans.factory.support.AbstractBeanFactory$$Lambda+0x000001e941284778.getObject()Ljava/lang/Object;+16
j  org.springframework.beans.factory.support.DefaultSingletonBeanRegistry.getSingleton(Ljava/lang/String;Lorg/springframework/beans/factory/ObjectFactory;)Ljava/lang/Object;+114
J 3696 c1 org.springframework.beans.factory.support.AbstractBeanFactory.doGetBean(Ljava/lang/String;Ljava/lang/Class;[Ljava/lang/Object;Z)Ljava/lang/Object; (787 bytes) @ 0x000001e932644074 [0x000001e9326439a0+0x00000000000006d4]
j  org.springframework.beans.factory.support.AbstractBeanFactory.getBean(Ljava/lang/String;)Ljava/lang/Object;+5
j  org.springframework.beans.factory.support.BeanDefinitionValueResolver.resolveReference(Ljava/lang/Object;Lorg/springframework/beans/factory/config/RuntimeBeanReference;)Ljava/lang/Object;+145
j  org.springframework.beans.factory.support.BeanDefinitionValueResolver.resolveValueIfNecessary(Ljava/lang/Object;Ljava/lang/Object;)Ljava/lang/Object;+15
j  org.springframework.beans.factory.support.AbstractAutowireCapableBeanFactory.applyPropertyValues(Ljava/lang/String;Lorg/springframework/beans/factory/config/BeanDefinition;Lorg/springframework/beans/BeanWrapper;Lorg/springframework/beans/PropertyValues;)V+274
j  org.springframework.beans.factory.support.AbstractAutowireCapableBeanFactory.populateBean(Ljava/lang/String;Lorg/springframework/beans/factory/support/RootBeanDefinition;Lorg/springframework/beans/BeanWrapper;)V+351
j  org.springframework.beans.factory.support.AbstractAutowireCapableBeanFactory.doCreateBean(Ljava/lang/String;Lorg/springframework/beans/factory/support/RootBeanDefinition;[Ljava/lang/Object;)Ljava/lang/Object;+220
j  org.springframework.beans.factory.support.AbstractAutowireCapableBeanFactory.createBean(Ljava/lang/String;Lorg/springframework/beans/factory/support/RootBeanDefinition;[Ljava/lang/Object;)Ljava/lang/Object;+153
j  org.springframework.beans.factory.support.AbstractBeanFactory.lambda$doGetBean$0(Ljava/lang/String;Lorg/springframework/beans/factory/support/RootBeanDefinition;[Ljava/lang/Object;)Ljava/lang/Object;+4
j  org.springframework.beans.factory.support.AbstractBeanFactory$$Lambda+0x000001e941284778.getObject()Ljava/lang/Object;+16
j  org.springframework.beans.factory.support.DefaultSingletonBeanRegistry.getSingleton(Ljava/lang/String;Lorg/springframework/beans/factory/ObjectFactory;)Ljava/lang/Object;+114
J 3696 c1 org.springframework.beans.factory.support.AbstractBeanFactory.doGetBean(Ljava/lang/String;Ljava/lang/Class;[Ljava/lang/Object;Z)Ljava/lang/Object; (787 bytes) @ 0x000001e932644074 [0x000001e9326439a0+0x00000000000006d4]
j  org.springframework.beans.factory.support.AbstractBeanFactory.getBean(Ljava/lang/String;)Ljava/lang/Object;+5
j  org.springframework.beans.factory.config.DependencyDescriptor.resolveCandidate(Ljava/lang/String;Ljava/lang/Class;Lorg/springframework/beans/factory/BeanFactory;)Ljava/lang/Object;+2
j  org.springframework.beans.factory.support.DefaultListableBeanFactory.doResolveDependency(Lorg/springframework/beans/factory/config/DependencyDescriptor;Ljava/lang/String;Ljava/util/Set;Lorg/springframework/beans/TypeConverter;)Ljava/lang/Object;+473
j  org.springframework.beans.factory.support.DefaultListableBeanFactory.resolveDependency(Lorg/springframework/beans/factory/config/DependencyDescriptor;Ljava/lang/String;Ljava/util/Set;Lorg/springframework/beans/TypeConverter;)Ljava/lang/Object;+117
j  org.springframework.beans.factory.support.ConstructorResolver.resolveAutowiredArgument(Lorg/springframework/beans/factory/config/DependencyDescriptor;Ljava/lang/Class;Ljava/lang/String;Ljava/util/Set;Lorg/springframework/beans/TypeConverter;Z)Ljava/lang/Object;+53
j  org.springframework.beans.factory.support.ConstructorResolver.createArgumentArray(Ljava/lang/String;Lorg/springframework/beans/factory/support/RootBeanDefinition;Lorg/springframework/beans/factory/config/ConstructorArgumentValues;Lorg/springframework/beans/BeanWrapper;[Ljava/lang/Class;[Ljava/lang/String;Ljava/lang/reflect/Executable;ZZ)Lorg/springframework/beans/factory/support/ConstructorResolver$ArgumentsHolder;+420
j  org.springframework.beans.factory.support.ConstructorResolver.autowireConstructor(Ljava/lang/String;Lorg/springframework/beans/factory/support/RootBeanDefinition;[Ljava/lang/reflect/Constructor;[Ljava/lang/Object;)Lorg/springframework/beans/BeanWrapper;+530
j  org.springframework.beans.factory.support.AbstractAutowireCapableBeanFactory.autowireConstructor(Ljava/lang/String;Lorg/springframework/beans/factory/support/RootBeanDefinition;[Ljava/lang/reflect/Constructor;[Ljava/lang/Object;)Lorg/springframework/beans/BeanWrapper;+13
j  org.springframework.beans.factory.support.AbstractAutowireCapableBeanFactory.createBeanInstance(Ljava/lang/String;Lorg/springframework/beans/factory/support/RootBeanDefinition;[Ljava/lang/Object;)Lorg/springframework/beans/BeanWrapper;+213
j  org.springframework.beans.factory.support.AbstractAutowireCapableBeanFactory.doCreateBean(Ljava/lang/String;Lorg/springframework/beans/factory/support/RootBeanDefinition;[Ljava/lang/Object;)Ljava/lang/Object;+34
j  org.springframework.beans.factory.support.AbstractAutowireCapableBeanFactory.createBean(Ljava/lang/String;Lorg/springframework/beans/factory/support/RootBeanDefinition;[Ljava/lang/Object;)Ljava/lang/Object;+153
j  org.springframework.beans.factory.support.AbstractBeanFactory.lambda$doGetBean$0(Ljava/lang/String;Lorg/springframework/beans/factory/support/RootBeanDefinition;[Ljava/lang/Object;)Ljava/lang/Object;+4
j  org.springframework.beans.factory.support.AbstractBeanFactory$$Lambda+0x000001e941284778.getObject()Ljava/lang/Object;+16
j  org.springframework.beans.factory.support.DefaultSingletonBeanRegistry.getSingleton(Ljava/lang/String;Lorg/springframework/beans/factory/ObjectFactory;)Ljava/lang/Object;+114
J 3696 c1 org.springframework.beans.factory.support.AbstractBeanFactory.doGetBean(Ljava/lang/String;Ljava/lang/Class;[Ljava/lang/Object;Z)Ljava/lang/Object; (787 bytes) @ 0x000001e932644074 [0x000001e9326439a0+0x00000000000006d4]
j  org.springframework.beans.factory.support.AbstractBeanFactory.getBean(Ljava/lang/String;)Ljava/lang/Object;+5
j  org.springframework.beans.factory.config.DependencyDescriptor.resolveCandidate(Ljava/lang/String;Ljava/lang/Class;Lorg/springframework/beans/factory/BeanFactory;)Ljava/lang/Object;+2
j  org.springframework.beans.factory.support.DefaultListableBeanFactory.doResolveDependency(Lorg/springframework/beans/factory/config/DependencyDescriptor;Ljava/lang/String;Ljava/util/Set;Lorg/springframework/beans/TypeConverter;)Ljava/lang/Object;+473
j  org.springframework.beans.factory.support.DefaultListableBeanFactory.resolveDependency(Lorg/springframework/beans/factory/config/DependencyDescriptor;Ljava/lang/String;Ljava/util/Set;Lorg/springframework/beans/TypeConverter;)Ljava/lang/Object;+117
j  org.springframework.beans.factory.support.ConstructorResolver.resolveAutowiredArgument(Lorg/springframework/beans/factory/config/DependencyDescriptor;Ljava/lang/Class;Ljava/lang/String;Ljava/util/Set;Lorg/springframework/beans/TypeConverter;Z)Ljava/lang/Object;+53
j  org.springframework.beans.factory.support.ConstructorResolver.createArgumentArray(Ljava/lang/String;Lorg/springframework/beans/factory/support/RootBeanDefinition;Lorg/springframework/beans/factory/config/ConstructorArgumentValues;Lorg/springframework/beans/BeanWrapper;[Ljava/lang/Class;[Ljava/lang/String;Ljava/lang/reflect/Executable;ZZ)Lorg/springframework/beans/factory/support/ConstructorResolver$ArgumentsHolder;+420
j  org.springframework.beans.factory.support.ConstructorResolver.autowireConstructor(Ljava/lang/String;Lorg/springframework/beans/factory/support/RootBeanDefinition;[Ljava/lang/reflect/Constructor;[Ljava/lang/Object;)Lorg/springframework/beans/BeanWrapper;+530
j  org.springframework.beans.factory.support.AbstractAutowireCapableBeanFactory.autowireConstructor(Ljava/lang/String;Lorg/springframework/beans/factory/support/RootBeanDefinition;[Ljava/lang/reflect/Constructor;[Ljava/lang/Object;)Lorg/springframework/beans/BeanWrapper;+13
j  org.springframework.beans.factory.support.AbstractAutowireCapableBeanFactory.createBeanInstance(Ljava/lang/String;Lorg/springframework/beans/factory/support/RootBeanDefinition;[Ljava/lang/Object;)Lorg/springframework/beans/BeanWrapper;+213
j  org.springframework.beans.factory.support.AbstractAutowireCapableBeanFactory.doCreateBean(Ljava/lang/String;Lorg/springframework/beans/factory/support/RootBeanDefinition;[Ljava/lang/Object;)Ljava/lang/Object;+34
j  org.springframework.beans.factory.support.AbstractAutowireCapableBeanFactory.createBean(Ljava/lang/String;Lorg/springframework/beans/factory/support/RootBeanDefinition;[Ljava/lang/Object;)Ljava/lang/Object;+153
j  org.springframework.beans.factory.support.AbstractBeanFactory.lambda$doGetBean$0(Ljava/lang/String;Lorg/springframework/beans/factory/support/RootBeanDefinition;[Ljava/lang/Object;)Ljava/lang/Object;+4
j  org.springframework.beans.factory.support.AbstractBeanFactory$$Lambda+0x000001e941284778.getObject()Ljava/lang/Object;+16
j  org.springframework.beans.factory.support.DefaultSingletonBeanRegistry.getSingleton(Ljava/lang/String;Lorg/springframework/beans/factory/ObjectFactory;)Ljava/lang/Object;+114
J 3696 c1 org.springframework.beans.factory.support.AbstractBeanFactory.doGetBean(Ljava/lang/String;Ljava/lang/Class;[Ljava/lang/Object;Z)Ljava/lang/Object; (787 bytes) @ 0x000001e932644074 [0x000001e9326439a0+0x00000000000006d4]
J 3357 c1 org.springframework.beans.factory.support.AbstractBeanFactory.getBean(Ljava/lang/String;Ljava/lang/Class;)Ljava/lang/Object; (9 bytes) @ 0x000001e9325b0814 [0x000001e9325b07c0+0x0000000000000054]
j  org.springframework.boot.web.servlet.ServletContextInitializerBeans.getOrderedBeansOfType(Lorg/springframework/beans/factory/ListableBeanFactory;Ljava/lang/Class;Lorg/springframework/boot/web/servlet/ServletContextInitializerBeans$Seen;)Ljava/util/List;+68
j  org.springframework.boot.web.servlet.ServletContextInitializerBeans.addAsRegistrationBean(Lorg/springframework/beans/factory/ListableBeanFactory;Ljava/lang/Class;Ljava/lang/Class;Lorg/springframework/boot/web/servlet/ServletContextInitializerBeans$RegistrationBeanAdapter;)V+7
j  org.springframework.boot.web.servlet.ServletContextInitializerBeans.addAsRegistrationBean(Lorg/springframework/beans/factory/ListableBeanFactory;Ljava/lang/Class;Lorg/springframework/boot/web/servlet/ServletContextInitializerBeans$RegistrationBeanAdapter;)V+5
j  org.springframework.boot.web.servlet.ServletContextInitializerBeans.addAdaptableBeans(Lorg/springframework/beans/factory/ListableBeanFactory;)V+32
j  org.springframework.boot.web.servlet.ServletContextInitializerBeans.<init>(Lorg/springframework/beans/factory/ListableBeanFactory;[Ljava/lang/Class;)V+54
j  org.springframework.boot.web.servlet.context.ServletWebServerApplicationContext.getServletContextInitializerBeans()Ljava/util/Collection;+12
j  org.springframework.boot.web.servlet.context.ServletWebServerApplicationContext.selfInitialize(Ljakarta/servlet/ServletContext;)V+19
j  org.springframework.boot.web.servlet.context.ServletWebServerApplicationContext$$Lambda+0x000001e94158c438.onStartup(Ljakarta/servlet/ServletContext;)V+5
j  org.springframework.boot.web.embedded.tomcat.TomcatStarter.onStartup(Ljava/util/Set;Ljakarta/servlet/ServletContext;)V+28
j  org.apache.catalina.core.StandardContext.startInternal()V+1050
j  org.apache.catalina.util.LifecycleBase.start()V+210
j  org.apache.catalina.core.ContainerBase$StartChild.call()Ljava/lang/Void;+4
j  org.apache.catalina.core.ContainerBase$StartChild.call()Ljava/lang/Object;+1
j  java.util.concurrent.FutureTask.run()V+39 java.base@21.0.11
j  org.apache.tomcat.util.threads.InlineExecutorService.execute(Ljava/lang/Runnable;)V+38
j  java.util.concurrent.AbstractExecutorService.submit(Ljava/util/concurrent/Callable;)Ljava/util/concurrent/Future;+20 java.base@21.0.11
j  org.apache.catalina.core.ContainerBase.startInternal()V+116
j  org.apache.catalina.core.StandardHost.startInternal()V+179
j  org.apache.catalina.util.LifecycleBase.start()V+210
j  org.apache.catalina.core.ContainerBase$StartChild.call()Ljava/lang/Void;+4
j  org.apache.catalina.core.ContainerBase$StartChild.call()Ljava/lang/Object;+1
j  java.util.concurrent.FutureTask.run()V+39 java.base@21.0.11
j  org.apache.tomcat.util.threads.InlineExecutorService.execute(Ljava/lang/Runnable;)V+38
j  java.util.concurrent.AbstractExecutorService.submit(Ljava/util/concurrent/Callable;)Ljava/util/concurrent/Future;+20 java.base@21.0.11
j  org.apache.catalina.core.ContainerBase.startInternal()V+116
j  org.apache.catalina.core.StandardEngine.startInternal()V+38
j  org.apache.catalina.util.LifecycleBase.start()V+210
j  org.apache.catalina.core.StandardService.startInternal()V+57
j  org.apache.catalina.util.LifecycleBase.start()V+210
j  org.apache.catalina.core.StandardServer.startInternal()V+84
j  org.apache.catalina.util.LifecycleBase.start()V+210
j  org.apache.catalina.startup.Tomcat.start()V+9
j  org.springframework.boot.web.embedded.tomcat.TomcatWebServer.initialize()V+55
j  org.springframework.boot.web.embedded.tomcat.TomcatWebServer.<init>(Lorg/apache/catalina/startup/Tomcat;ZLorg/springframework/boot/web/server/Shutdown;)V+66
j  org.springframework.boot.web.embedded.tomcat.TomcatServletWebServerFactory.getTomcatWebServer(Lorg/apache/catalina/startup/Tomcat;)Lorg/springframework/boot/web/embedded/tomcat/TomcatWebServer;+21
j  org.springframework.boot.web.embedded.tomcat.TomcatServletWebServerFactory.getWebServer([Lorg/springframework/boot/web/servlet/ServletContextInitializer;)Lorg/springframework/boot/web/server/WebServer;+226
j  org.springframework.boot.web.servlet.context.ServletWebServerApplicationContext.createWebServer()V+67
j  org.springframework.boot.web.servlet.context.ServletWebServerApplicationContext.onRefresh()V+5
j  org.springframework.context.support.AbstractApplicationContext.refresh()V+85
j  org.springframework.boot.web.servlet.context.ServletWebServerApplicationContext.refresh()V+1
j  org.springframework.boot.SpringApplication.refresh(Lorg/springframework/context/ConfigurableApplicationContext;)V+1
j  org.springframework.boot.SpringApplication.refreshContext(Lorg/springframework/context/ConfigurableApplicationContext;)V+16
j  org.springframework.boot.SpringApplication.run([Ljava/lang/String;)Lorg/springframework/context/ConfigurableApplicationContext;+110
j  org.springframework.boot.SpringApplication.run([Ljava/lang/Class;[Ljava/lang/String;)Lorg/springframework/context/ConfigurableApplicationContext;+9
j  org.springframework.boot.SpringApplication.run(Ljava/lang/Class;[Ljava/lang/String;)Lorg/springframework/context/ConfigurableApplicationContext;+9
j  com.pe.platform.MsIamApplication.main([Ljava/lang/String;)V+3
v  ~StubRoutines::call_stub 0x000001e931db10e7

siginfo: EXCEPTION_ACCESS_VIOLATION (0xc0000005), data execution prevention violation at address 0x00007ffdd5bd5321


Registers:
RAX=0x00007ffdd5bd5321, RBX=0x000001e93eebdce8, RCX=0x000001e93fc37f20, RDX=0x000001e92728dfd0
RSP=0x000000af370f9858, RBP=0x0000000000000000, RSI=0x000001e93fc706d0, RDI=0x000001e92728dc10
R8 =0x000001e93eebdce0, R9 =0x000001e93eebdce8, R10=0x0000000000000000, R11=0x000000af370f9948
R12=0x000001e93eebdce0, R13=0x000001e92728e1e8, R14=0x000001e9415eb028, R15=0x000001e9272717a0
RIP=0x00007ffdd5bd5321, EFLAGS=0x0000000000010206

XMM[0]=0x0000000000000000 0x0000000000000000
XMM[1]=0x000001e983c66f50 0x000001e983c66de8
XMM[2]=0x0000000000000000 0x0000000000000000
XMM[3]=0x0000000000000000 0x0000000000000000
XMM[4]=0x0000000000000000 0x0000000000000000
XMM[5]=0x000001e983c672e0 0x000001e983c67120
XMM[6]=0x0000000000000000 0x0000000000000000
XMM[7]=0x0000000000000000 0x0000000000000000
XMM[8]=0x0000000000000000 0x0000000000000000
XMM[9]=0x0000000000000000 0x0000000000000000
XMM[10]=0x0000000000000000 0x0000000000000000
XMM[11]=0x0000000000000000 0x0000000000000000
XMM[12]=0x0000000000000000 0x0000000000000000
XMM[13]=0x0000000000000000 0x0000000000000000
XMM[14]=0x0000000000000000 0x0000000000000000
XMM[15]=0x0000000000000000 0x0000000000000000
  MXCSR=0x00001fa0


Register to memory mapping:

RAX=0x00007ffdd5bd5321 is an unknown value
RBX=0x000001e93eebdce8 points into unknown readable memory: 0x00000006861d4590 | 90 45 1d 86 06 00 00 00
RCX=0x000001e93fc37f20 points into unknown readable memory: 0x00007ffcf4ee1990 | 90 19 ee f4 fc 7f 00 00
RDX=0x000001e92728dfd0 points into unknown readable memory: 0x00007ffcf4ed8850 | 50 88 ed f4 fc 7f 00 00
RSP=0x000000af370f9858 is pointing into the stack for thread: 0x000001e92728dc10
RBP=0x0 is null
RSI=0x000001e93fc706d0 points into unknown readable memory: 0x000001e98fb49d00 | 00 9d b4 8f e9 01 00 00
RDI=0x000001e92728dc10 is a thread
R8 =0x000001e93eebdce0 points into unknown readable memory: 0x0000000683ca1430 | 30 14 ca 83 06 00 00 00
R9 =0x000001e93eebdce8 points into unknown readable memory: 0x00000006861d4590 | 90 45 1d 86 06 00 00 00
R10=0x0 is null
R11=0x000000af370f9948 is pointing into the stack for thread: 0x000001e92728dc10
R12=0x000001e93eebdce0 points into unknown readable memory: 0x0000000683ca1430 | 30 14 ca 83 06 00 00 00
R13=0x000001e92728e1e8 points into unknown readable memory: 0x000001e98fb49d00 | 00 9d b4 8f e9 01 00 00
R14=0x000001e9415eb028 is a pointer to class: 
com.zaxxer.hikari.pool.HikariPool$PoolInitializationException {0x000001e9415eb030}
 - instance size:     5
 - klass size:        76
 - access:            public synchronized 
 - flags:             rewritten has_nonstatic_fields should_verify_class has_localvariable_table 
 - state:             linked
 - name:              'com/zaxxer/hikari/pool/HikariPool$PoolInitializationException'
 - super:             'java/lang/RuntimeException'
 - sub:               
 - arrays:            null
 - methods:           Array<T>(0x000001e9832fc1b0)
 - method ordering:   Array<T>(0x000001e940b28678)
 - local interfaces:  Array<T>(0x000001e9406119a0)
 - trans. interfaces: Array<T>(0x000001e94061f918)
 - secondary supers: Array<T>(0x000001e94061f918)
 - hash_slot:         55
 - bitmap:            0x0000000100000000
 - constants:         constant pool [53]/operands[5] {0x000001e9832fbf88} for 'com/zaxxer/hikari/pool/HikariPool$PoolInitializationException' cache=0x000001e983226c48
 - class loader data:  loader data: 0x000001e93fd494e0 for instance a 'jdk/internal/loader/ClassLoaders$AppClassLoader'{0x0000000683c8aa80}
 - source file:       'HikariPool.java'
 - inner classes:     Array<T>(0x000001e9832fc290)
 - nest members:     Array<T>(0x000001e940611928)
 - permitted subclasses:     Array<T>(0x000001e940611928)
 - java mirror:       a 'java/lang/Class'{0x00000006861d4590} = 'com/zaxxer/hikari/pool/HikariPool$PoolInitializationException'
 - vtable length      15  (start addr: 0x000001e9415eb1f8)
 - itable length      2 (start addr: 0x000001e9415eb270)
 - ---- static fields (1 words):
 - private static final 'serialVersionUID' 'J' @112 
 - ---- non-static fields (6 words):
 - private transient 'depth' 'I' @12 
 - private transient 'backtrace' 'Ljava/lang/Object;' @16 
 - private 'detailMessage' 'Ljava/lang/String;' @20 
 - private 'cause' 'Ljava/lang/Throwable;' @24 
 - private 'stackTrace' '[Ljava/lang/StackTraceElement;' @28 
 - private 'suppressedExceptions' 'Ljava/util/List;' @32 
 - non-static oop maps: 16-32 
R15=0x000001e9272717a0 points into unknown readable memory: 0x8000001300000001 | 01 00 00 00 13 00 00 80

Top of Stack: (sp=0x000000af370f9858)
0x000000af370f9858:   00007ffcf482c1eb 000001e93eebdce8   ...........>....
0x000000af370f9868:   000001e927271750 00000006861d4590   P.''.....E......
0x000000af370f9878:   0000000000000000 000001e927271750   ........P.''....
0x000000af370f9888:   000001e93fc37f20 000000af370f99f0    ..?.......7....
0x000000af370f9898:   000000000000000f 000001e9415eb028   ........(.^A....
0x000000af370f98a8:   000001e9832fbf80 0000a2517232ca5b   ../.....[.2rQ...
0x000000af370f98b8:   000001e9406119a0 000001e92727f370   ..a@....p.''....
0x000000af370f98c8:   000001e92728e280 000001e92728e290   ..('......('....
0x000000af370f98d8:   000001e92728e668 00000000000003d8   h.('............
0x000000af370f98e8:   000001e92728dc10 000001e92728dc10   ..('......('....
0x000000af370f98f8:   000001e92727fd70 000001e92726fb10   p.''......&'....
0x000000af370f9908:   000001e92726fb28 000001e92726fbf8   (.&'......&'....
0x000000af370f9918:   00000000000000d8 000000af370f9930   ........0..7....
0x000000af370f9928:   00007ffcf4940113 000001e92728dc10   ..........('....
0x000000af370f9938:   000001e92727fd70 000001e92726fb10   p.''......&'....
0x000000af370f9948:   000001e92726fb28 000001e92726fbf8   (.&'......&'....
0x000000af370f9958:   00000000000000d8 000000af370f9a78   ........x..7....
0x000000af370f9968:   000001e9415eb028 000001e9406119a0   (.^A......a@....
0x000000af370f9978:   000001e9415eb028 0000000000000000   (.^A............
0x000000af370f9988:   00000006861d4c68 000000af370f9a89   hL.........7....
0x000000af370f9998:   000001e9415eb028 000001e92728dc10   (.^A......('....
0x000000af370f99a8:   00007ffcf4665ef1 00007ffcf4f5b930   .^f.....0.......
0x000000af370f99b8:   000001e9415eb028 000001e92728e1e8   (.^A......('....
0x000000af370f99c8:   000001e9272717a0 000001e940b861b4   ..''.....a.@....
0x000000af370f99d8:   0000000000000003 0000000683c8aa80   ................
0x000000af370f99e8:   00007ffcf458729e 000001e9415eb028   .rX.....(.^A....
0x000000af370f99f8:   0000000000000000 0000000000000000   ................
0x000000af370f9a08:   000000af370f9a20 0000000000000000    ..7............
0x000000af370f9a18:   0000000003da33ab 000001e92726fb01   .3........&'....
0x000000af370f9a28:   000001e929646490 000001e9296a0f10   .dd)......j)....
0x000000af370f9a38:   000001e9296a1a50 000001e92969b904   P.j)......i)....
0x000000af370f9a48:   000001e92969b918 ffffffff00000001   ..i)............

Instructions: (pc=0x00007ffcf482c1eb)
0x00007ffcf482c0eb:   c6 e8 3f 72 fe ff 48 83 7d 00 00 74 13 49 8b d4
0x00007ffcf482c0fb:   48 8b cb e8 2d d8 b2 ff 48 8b cd e8 05 d8 b2 ff
0x00007ffcf482c10b:   4c 39 7b 18 74 0c 48 89 6b 10 4c 89 7b 18 4c 89
0x00007ffcf482c11b:   6b 20 4c 8b ac 24 60 01 00 00 33 ed 49 8b 45 00
0x00007ffcf482c12b:   48 85 c0 74 03 8b 68 2c 48 8b cf e8 25 5d e6 ff
0x00007ffcf482c13b:   48 8d 8f a0 03 00 00 e8 89 af d8 ff 48 8b cf e8
0x00007ffcf482c14b:   b1 69 e6 ff 45 33 c0 48 8b d0 48 8b cf e8 13 27
0x00007ffcf482c15b:   ee ff 48 8b 8c 24 58 01 00 00 4c 8b e0 48 85 c9
0x00007ffcf482c16b:   75 04 33 db eb 24 48 8b 49 70 48 85 c9 75 04 33
0x00007ffcf482c17b:   c0 eb 06 ff 15 9c 0e 6a 00 45 33 c0 48 8b d0 48
0x00007ffcf482c18b:   8b cf e8 de 26 ee ff 48 8b d8 48 8d 4c 24 60 e8
0x00007ffcf482c19b:   21 50 b2 ff 48 8d 8f a0 03 00 00 48 89 bc 24 88
0x00007ffcf482c1ab:   00 00 00 e8 1d af d8 ff 90 48 8d 8c 24 90 00 00
0x00007ffcf482c1bb:   00 48 8b d7 c7 87 4c 04 00 00 04 00 00 00 e8 02
0x00007ffcf482c1cb:   51 e1 ff 48 8b 4c 24 28 48 8b 41 58 48 85 c0 74
0x00007ffcf482c1db:   0f 4c 8b cb 48 8d 97 c0 03 00 00 4d 8b c4 ff d0
0x00007ffcf482c1eb:   48 8d 4c 24 60 e8 9b d7 ff ff 48 8b cf e8 b3 4d
0x00007ffcf482c1fb:   e6 ff 49 8b 45 00 4c 8b b4 24 58 01 00 00 4c 8b
0x00007ffcf482c20b:   bc 24 68 01 00 00 48 8b 5c 24 20 48 85 c0 74 03
0x00007ffcf482c21b:   89 68 2c 48 8b 76 10 48 85 f6 0f 85 e5 fd ff ff
0x00007ffcf482c22b:   4c 8b ac 24 18 01 00 00 4c 8b a4 24 20 01 00 00
0x00007ffcf482c23b:   41 80 3f 00 4c 8b bc 24 10 01 00 00 48 8b b4 24
0x00007ffcf482c24b:   28 01 00 00 75 05 e8 8a 39 3c 00 48 8b 0b 8b 81
0x00007ffcf482c25b:   4c 03 00 00 ff c8 89 81 4c 03 00 00 48 8d 8c 24
0x00007ffcf482c26b:   d0 00 00 00 e8 fc 4e e1 ff 48 8b ac 24 30 01 00
0x00007ffcf482c27b:   00 48 8b 9c 24 50 01 00 00 48 81 c4 38 01 00 00
0x00007ffcf482c28b:   41 5e 5f c3 cc 40 55 48 83 ec 50 83 3d 23 71 6b
0x00007ffcf482c29b:   00 02 48 8b e9 0f 8c c0 00 00 00 65 48 8b 04 25
0x00007ffcf482c2ab:   58 00 00 00 8b 15 73 f6 75 00 48 89 5c 24 60 48
0x00007ffcf482c2bb:   89 74 24 68 48 89 7c 24 70 48 8b 1c d0 b8 70 00
0x00007ffcf482c2cb:   00 00 4c 89 74 24 48 4c 89 7c 24 40 80 3c 18 00
0x00007ffcf482c2db:   75 05 e8 fe 38 3c 00 48 8b 4d 18 b8 20 00 00 00


Stack slot to memory mapping:

stack at sp + 0 slots: 0x000001e93eebdce8 points into unknown readable memory: 0x00000006861d4590 | 90 45 1d 86 06 00 00 00
stack at sp + 1 slots: 0x000001e927271750 points into unknown readable memory: 0x000001e92728dc10 | 10 dc 28 27 e9 01 00 00
stack at sp + 2 slots: 0x00000006861d4590 is an oop: java.lang.Class 
{0x00000006861d4590} - klass: 'java/lang/Class'
 - ---- fields (total size 15 words):
 - private volatile transient 'classRedefinedCount' 'I' @12  1 (0x00000001)
 - injected 'klass' 'J' @16  2101335732264 (0x000001e9415eb028)
 - injected 'array_klass' 'J' @24  0 (0x0000000000000000)
 - injected 'oop_size' 'I' @32  15 (0x0000000f)
 - injected 'static_oop_field_count' 'I' @36  0 (0x00000000)
 - private volatile transient 'cachedConstructor' 'Ljava/lang/reflect/Constructor;' @40  null (0x00000000)
 - private transient 'name' 'Ljava/lang/String;' @44  "com.zaxxer.hikari.pool.HikariPool$PoolInitializationException"{0x00000006861d4c00} (0xd0c3a980)
 - private transient 'module' 'Ljava/lang/Module;' @48  a 'java/lang/Module'{0x0000000683c8d340} (0xd0791a68)
 - private final 'classLoader' 'Ljava/lang/ClassLoader;' @52  a 'jdk/internal/loader/ClassLoaders$AppClassLoader'{0x0000000683c8aa80} (0xd0791550)
 - private transient 'classData' 'Ljava/lang/Object;' @56  null (0x00000000)
 - private transient 'packageName' 'Ljava/lang/String;' @60  "com.zaxxer.hikari.pool"{0x000000068601f5a8} (0xd0c03eb5)
 - private final 'componentType' 'Ljava/lang/Class;' @64  null (0x00000000)
 - private volatile transient 'reflectionData' 'Ljava/lang/ref/SoftReference;' @68  null (0x00000000)
 - private volatile transient 'genericInfo' 'Lsun/reflect/generics/repository/ClassRepository;' @72  null (0x00000000)
 - private volatile transient 'enumConstants' '[Ljava/lang/Object;' @76  null (0x00000000)
 - private volatile transient 'enumConstantDirectory' 'Ljava/util/Map;' @80  null (0x00000000)
 - private volatile transient 'annotationData' 'Ljava/lang/Class$AnnotationData;' @84  null (0x00000000)
 - private volatile transient 'annotationType' 'Lsun/reflect/annotation/AnnotationType;' @88  null (0x00000000)
 - transient 'classValueMap' 'Ljava/lang/ClassValue$ClassValueMap;' @92  null (0x00000000)
 - injected 'protection_domain' 'Ljava/lang/Object;' @96  a 'java/security/ProtectionDomain'{0x00000006845cf7d0} (0xd08b9efa)
 - injected 'signers_name' 'Ljava/lang/Object;' @100  null (0x00000000)
 - injected 'source_file' 'Ljava/lang/Object;' @104  null (0x00000000)
 - injected '<init_lock>' 'Ljava/lang/Object;' @108  [I{0x00000006861d4c68} (0xd0c3a98d)
 - signature: Lcom/zaxxer/hikari/pool/HikariPool$PoolInitializationException;
 - ---- static fields (0):
 - private static final 'serialVersionUID' 'J' @112  929872118275916520 (0x0ce791c3d06042e8)
stack at sp + 3 slots: 0x0 is null
stack at sp + 4 slots: 0x000001e927271750 points into unknown readable memory: 0x000001e92728dc10 | 10 dc 28 27 e9 01 00 00
stack at sp + 5 slots: 0x000001e93fc37f20 points into unknown readable memory: 0x00007ffcf4ee1990 | 90 19 ee f4 fc 7f 00 00
stack at sp + 6 slots: 0x000000af370f99f0 is pointing into the stack for thread: 0x000001e92728dc10
stack at sp + 7 slots: 0x000000000000000f is an unknown value


Compiled method (c1) 6526 3696   !   1       org.springframework.beans.factory.support.AbstractBeanFactory::doGetBean (787 bytes)
 total in heap  [0x000001e932643210,0x000001e932648f80] = 23920
 relocation     [0x000001e932643370,0x000001e932643998] = 1576
 main code      [0x000001e9326439a0,0x000001e932645d60] = 9152
 stub code      [0x000001e932645d60,0x000001e932646200] = 1184
 oops           [0x000001e932646200,0x000001e932646240] = 64
 metadata       [0x000001e932646240,0x000001e932646420] = 480
 scopes data    [0x000001e932646420,0x000001e932647590] = 4464
 scopes pcs     [0x000001e932647590,0x000001e932647f90] = 2560
 dependencies   [0x000001e932647f90,0x000001e932648040] = 176
 handler table  [0x000001e932648040,0x000001e932648e98] = 3672
 nul chk table  [0x000001e932648e98,0x000001e932648f80] = 232

[Constant Pool (empty)]

[MachCode]
[Entry Point]
  # {method} {0x000001e981b48758} 'doGetBean' '(Ljava/lang/String;Ljava/lang/Class;[Ljava/lang/Object;Z)Ljava/lang/Object;' in 'org/springframework/beans/factory/support/AbstractBeanFactory'
  # this:     rdx:rdx   = 'org/springframework/beans/factory/support/AbstractBeanFactory'
  # parm0:    r8:r8     = 'java/lang/String'
  # parm1:    r9:r9     = 'java/lang/Class'
  # parm2:    rdi:rdi   = '[Ljava/lang/Object;'
  # parm3:    rsi       = boolean
  #           [sp+0x260]  (sp of caller)
  0x000001e9326439a0: 448b 5208 | 49bb 0000 | 0040 e901 | 0000 4d03 | d34c 3bd0 

  0x000001e9326439b4: ;   {runtime_call ic_miss_stub}
  0x000001e9326439b4: 0f85 c6af | 7bff 660f | 1f44 0000 
[Verified Entry Point]
  0x000001e9326439c0: e9bb 3c77 | ffff ff55 | 4881 ec50 | 0200 0090 | 4181 7f20 | 0500 0000 

  0x000001e9326439d8: ;   {runtime_call StubRoutines (final stubs)}
  0x000001e9326439d8: 7405 e801 | 497a ff48 | 8994 24d0 | 0000 004c | 8984 24f0 | 0000 004c | 898c 24e8 | 0000 0048 
  0x000001e9326439f8: 89bc 24d8 | 0000 0089 | b424 e000 | 0000 498b | d066 0f1f 

  0x000001e932643a0c: ;   {static_call}
  0x000001e932643a0c: 4400 00e8 

  0x000001e932643a10: ; ImmutableOopMap {[208]=Oop [216]=Oop [232]=Oop [240]=Oop }
                      ;*invokestatic transformedBeanName {reexecute=0 rethrow=0 return_oop=0}
                      ; - org.springframework.beans.factory.support.AbstractBeanFactory::transformedBeanName@2 (line 1277)
                      ; - org.springframework.beans.factory.support.AbstractBeanFactory::doGetBean@2 (line 244)
  0x000001e932643a10: cce1 f3ff 

  0x000001e932643a14: ;   {other}
  0x000001e932643a14: 0fff 00a9 | 0408 0000 | e92a 0000 | 000f 1f80 | 0000 0000 | 488b 8424 | f800 0000 | e903 0000 
  0x000001e932643a34: 0049 8bc0 | 4d8b 9758 

  0x000001e932643a3c: ; ImmutableOopMap {r8=Oop rax=Oop [208]=Oop [216]=Oop [232]=Oop [240]=Oop }
                      ;*ifnonnull {reexecute=1 rethrow=0 return_oop=0}
                      ; - (reexecute) org.springframework.core.SimpleAliasRegistry::canonicalName@23 (line 221)
                      ; - org.springframework.beans.factory.support.AbstractBeanFactory::transformedBeanName@5 (line 1277)
                      ; - org.springframework.beans.factory.support.AbstractBeanFactory::doGetBean@2 (line 244)
                      ;   {poll}
  0x000001e932643a3c: 0400 0041 | 8502 4d85 | c00f 847c | 0000 0048 | 8b94 24d0 | 0000 008b | 7210 48c1 | e603 4c8b 
  0x000001e932643a5c: c048 8bd6 | 4889 8424 | f800 0000 | 0f1f 4400 | 0048 b880 | 2706 40e9 

  0x000001e932643a74: ;   {virtual_call}
  0x000001e932643a74: 0100 00e8 

  0x000001e932643a78: ; ImmutableOopMap {[208]=Oop [216]=Oop [232]=Oop [240]=Oop [248]=Oop }
                      ;*invokeinterface get {reexecute=0 rethrow=0 return_oop=0}
                      ; - org.springframework.core.SimpleAliasRegistry::canonicalName@7 (line 216)
                      ; - org.springframework.beans.factory.support.AbstractBeanFactory::transformedBeanName@5 (line 1277)
                      ; - org.springframework.beans.factory.support.AbstractBeanFactory::doGetBean@2 (line 244)
  0x000001e932643a78: a473 94ff 

  0x000001e932643a7c: ;   {other}
  0x000001e932643a7c: 0fff 00a9 | 6c08 0002 | 4885 c00f | 8429 0000 

  0x000001e932643a8c: ;   {metadata('java/lang/String')}
  0x000001e932643a8c: 0048 be78 | e800 40e9 | 0100 0044 | 8b48 0849 | ba00 0000 | 40e9 0100 | 004d 03ca | 493b f10f 
  0x000001e932643aac: 8580 1d00 | 00e9 0000 | 0000 4c8b | c04d 85c0 | 0f84 66ff | ffff e96e | ffff ff4c | 8bc0 41b9 
  0x000001e932643acc: 0100 0000 | 488b 9424 | d000 0000 | 4889 8424 | 0001 0000 | 0f1f 8000 

  0x000001e932643ae4: ;   {optimized virtual_call}
  0x000001e932643ae4: 0000 00e8 

  0x000001e932643ae8: ; ImmutableOopMap {[208]=Oop [216]=Oop [232]=Oop [240]=Oop [256]=Oop }
                      ;*invokevirtual getSingleton {reexecute=0 rethrow=0 return_oop=0}
                      ; - org.springframework.beans.factory.support.DefaultSingletonBeanRegistry::getSingleton@3 (line 168)
                      ; - org.springframework.beans.factory.support.AbstractBeanFactory::doGetBean@10 (line 248)
  0x000001e932643ae8: 7405 f4ff 

  0x000001e932643aec: ;   {other}
  0x000001e932643aec: 0fff 00a9 | dc08 0003 | 4885 c00f | 8411 0000 | 0048 8bbc | 24d8 0000 | 0048 85ff | 0f84 960c 
  0x000001e932643b0c: 0000 4c8b | 8424 0001 | 0000 488b | 9424 d000 

  0x000001e932643b1c: ;   {optimized virtual_call}
  0x000001e932643b1c: 0000 90e8 

  0x000001e932643b20: ; ImmutableOopMap {[208]=Oop [216]=Oop [232]=Oop [240]=Oop [256]=Oop }
                      ;*invokevirtual isPrototypeCurrentlyInCreation {reexecute=0 rethrow=0 return_oop=0}
                      ; - org.springframework.beans.factory.support.AbstractBeanFactory::doGetBean@98 (line 265)
  0x000001e932643b20: dc14 1c00 

  0x000001e932643b24: ;   {other}
  0x000001e932643b24: 0fff 00a9 | 1409 0004 | 85c0 0f85 | 6d17 0000 | 488b 9424 | d000 0000 | 8b72 4848 | c1e6 0348 
  0x000001e932643b44: 89b4 2408 | 0100 0048 | 85f6 0f84 | 4b00 0000 | 488b 8424 | 0001 0000 | 4885 c00f | 84a7 1600 
  0x000001e932643b64: 008b babc | 0000 0048 | c1e7 034c | 8bc0 488b | d748 8984 | 2400 0100 | 0048 b8ff | ffff ffff 
  0x000001e932643b84: ;   {virtual_call}
  0x000001e932643b84: ffff ffe8 

  0x000001e932643b88: ; ImmutableOopMap {[208]=Oop [216]=Oop [232]=Oop [240]=Oop [256]=Oop [264]=Oop }
                      ;*invokeinterface containsKey {reexecute=0 rethrow=0 return_oop=0}
                      ; - org.springframework.beans.factory.support.DefaultListableBeanFactory::containsBeanDefinition@11 (line 367)
                      ; - org.springframework.beans.factory.support.AbstractBeanFactory::doGetBean@128 (line 271)
  0x000001e932643b88: f4b7 7bff 

  0x000001e932643b8c: ;   {other}
  0x000001e932643b8c: 0fff 00a9 | 7c09 0005 | 83e0 0185 | c00f 84f1 | 0a00 008b | b424 e000 | 0000 85f6 | 0f85 1e00 
  0x000001e932643bac: 0000 4c8b | 8424 0001 | 0000 488b | 9424 d000 

  0x000001e932643bbc: ;   {optimized virtual_call}
  0x000001e932643bbc: 0000 90e8 

  0x000001e932643bc0: ; ImmutableOopMap {[208]=Oop [216]=Oop [232]=Oop [240]=Oop [256]=Oop }
                      ;*invokevirtual markBeanAsCreated {reexecute=0 rethrow=0 return_oop=0}
                      ; - org.springframework.beans.factory.support.AbstractBeanFactory::doGetBean@216 (line 291)
  0x000001e932643bc0: e121 0000 

  0x000001e932643bc4: ;   {other}
  0x000001e932643bc4: 0fff 00a9 | b409 0006 | 488b 9424 | d000 0000 | 8b72 7848 

  0x000001e932643bd8: ;   {oop("spring.beans.instantiate"{0x00000006847d81b0})}
  0x000001e932643bd8: c1e6 0349 | b8b0 817d | 8406 0000 | 0048 8bd6 | 0f1f 4400 | 0048 b850 | 636e 85e9 

  0x000001e932643bf4: ;   {virtual_call}
  0x000001e932643bf4: 0100 00e8 

  0x000001e932643bf8: ; ImmutableOopMap {[208]=Oop [216]=Oop [232]=Oop [240]=Oop [256]=Oop }
                      ;*invokeinterface start {reexecute=0 rethrow=0 return_oop=0}
                      ; - org.springframework.beans.factory.support.AbstractBeanFactory::doGetBean@225 (line 294)
  0x000001e932643bf8: 3911 7cff 

  0x000001e932643bfc: ;   {other}
  0x000001e932643bfc: 0fff 00a9 | ec09 0007 | 4889 8424 | 1001 0000 | 4885 c00f | 8429 0000 

  0x000001e932643c14: ;   {metadata('org/springframework/core/metrics/DefaultApplicationStartup$DefaultStartupStep')}
  0x000001e932643c14: 0048 bf78 | 0e11 41e9 | 0100 008b | 7008 49ba | 0000 0040 | e901 0000 | 4903 f248 | 3b7e 380f 
  0x000001e932643c34: 8501 1c00 | 00e9 0000 | 0000 4c8b | c048 3b00 | 4c8b 8c24 | e800 0000 | 4d85 c90f | 84a1 0000 
  0x000001e932643c54: 004d 85c9 | 0f84 1e15 

  0x000001e932643c5c: ;   {oop(a 'java/lang/Class'{0x0000000684701878} = 'org/springframework/beans/factory/support/AbstractBeanFactory$$Lambda+0x000001e941284310')}
  0x000001e932643c5c: 0000 49b8 | 7818 7084 | 0600 0000 

  0x000001e932643c68: ;   {oop(a 'jdk/internal/misc/Unsafe'{0x0000000683c97170})}
  0x000001e932643c68: 48ba 7071 | c983 0600 | 0000 0f1f 

  0x000001e932643c74: ;   {optimized virtual_call}
  0x000001e932643c74: 4400 00e8 

  0x000001e932643c78: ; ImmutableOopMap {[208]=Oop [216]=Oop [232]=Oop [240]=Oop [256]=Oop [272]=Oop }
                      ;*invokevirtual allocateInstance {reexecute=0 rethrow=0 return_oop=0}
                      ; - java.lang.invoke.DirectMethodHandle::allocateInstance@12 (line 501)
                      ; - java.lang.invoke.DirectMethodHandle$Holder::newInvokeSpecial@1
                      ; - java.lang.invoke.Invokers$Holder::linkToTargetMethod@5
                      ; - org.springframework.beans.factory.support.AbstractBeanFactory::doGetBean@254 (line 298)
  0x000001e932643c78: e42b b9ff 

  0x000001e932643c7c: ;   {other}
  0x000001e932643c7c: 0fff 00a9 | 6c0a 0008 | 450f be47 | 4045 85c0 | 0f85 b21b | 0000 4c8b | 8c24 e800 | 0000 4d8b 
  0x000001e932643c9c: d149 c1ea | 0344 8950 | 0c4c 8bc0 | 4d33 c149 | c1e8 1649 | 83f8 000f | 85b0 1b00 | 0048 8b84 
  0x000001e932643cbc: 2410 0100 | 0048 85c0 | 0f84 2900 

  0x000001e932643cc8: ;   {metadata('org/springframework/core/metrics/DefaultApplicationStartup$DefaultStartupStep')}
  0x000001e932643cc8: 0000 48bf | 780e 1141 | e901 0000 | 8b70 0849 | ba00 0000 | 40e9 0100 | 0049 03f2 | 483b 7e38 
  0x000001e932643ce8: 0f85 931b | 0000 e900 | 0000 004c | 8bc0 4c8b | 8424 0001 | 0000 488b | 9424 d000 

  0x000001e932643d04: ;   {optimized virtual_call}
  0x000001e932643d04: 0000 90e8 

  0x000001e932643d08: ; ImmutableOopMap {[208]=Oop [216]=Oop [232]=Oop [240]=Oop [256]=Oop [272]=Oop }
                      ;*invokevirtual getMergedLocalBeanDefinition {reexecute=0 rethrow=0 return_oop=0}
                      ; - org.springframework.beans.factory.support.AbstractBeanFactory::doGetBean@268 (line 300)
  0x000001e932643d08: 7472 0300 

  0x000001e932643d0c: ;   {other}
  0x000001e932643d0c: 0fff 00a9 | fc0a 0009 | 4889 8424 | 3001 0000 

  0x000001e932643d1c: ; implicit exception: dispatches to 0x000001e932645886
  0x000001e932643d1c: 440f be40 | 2041 83e0 | 0145 85c0 | 0f85 a613 | 0000 8b70 | 3448 c1e6 | 0348 89b4 | 2428 0100 
  0x000001e932643d3c: 0048 85f6 | 0f84 9801 | 0000 8b5e | 0c89 9c24 | 2001 0000 | b900 0000 | 00e9 5c01 | 0000 660f 
  0x000001e932643d5c: 1f44 0000 | 4c63 c146 | 8b6c 8610 | 49c1 e503 | 448b 723c | 49c1 e603 | 4c8d 8424 | 3802 0000 
  0x000001e932643d7c: 488b f84d | 8970 0849 | 8b06 4883 | c801 4989 | 00f0 4d0f | b106 0f84 | 1200 0000 | 482b c448 
  0x000001e932643d9c: 2507 f0ff | ff49 8900 | 0f85 eb1a | 0000 49ff | 8750 0500 | 004c 8bc7 | 4d8b cd48 | 89bc 2400 
  0x000001e932643dbc: ;   {oop(nullptr)}
  0x000001e932643dbc: 0100 0048 | bf00 0000 | 0000 0000 | 0048 8b94 | 24d0 0000 | 004c 89b4 | 2438 0100 | 0089 8c24 
  0x000001e932643ddc: e400 0000 | 4c89 ac24 | 1801 0000 | 0f1f 8000 

  0x000001e932643dec: ;   {optimized virtual_call}
  0x000001e932643dec: 0000 00e8 

  0x000001e932643df0: ; ImmutableOopMap {[208]=Oop [216]=Oop [232]=Oop [240]=Oop [256]=Oop [272]=Oop [280]=Oop [296]=Oop [304]=Oop [312]=Oop [576]=Oop }
                      ;*invokevirtual isDependent {reexecute=0 rethrow=0 return_oop=0}
                      ; - org.springframework.beans.factory.support.DefaultSingletonBeanRegistry::isDependent@11 (line 440)
                      ; - org.springframework.beans.factory.support.AbstractBeanFactory::doGetBean@325 (line 307)
  0x000001e932643df0: b723 0000 

  0x000001e932643df4: ;   {other}
  0x000001e932643df4: 0fff 00a9 | e40b 000a | 4c8b c048 | 8d84 2438 | 0200 004c | 8b08 4d85 | c90f 840f | 0000 0048 
  0x000001e932643e14: 8b50 08f0 | 4c0f b10a | 0f85 861a | 0000 49ff | 8f50 0500 | 0041 83e0 | 0145 85c0 | 0f85 c007 
  0x000001e932643e34: 0000 4c8b | 8424 1801 | 0000 4c8b | 8c24 0001 | 0000 488b | 9424 d000 

  0x000001e932643e4c: ;   {optimized virtual_call}
  0x000001e932643e4c: 0000 90e8 

  0x000001e932643e50: ; ImmutableOopMap {[208]=Oop [216]=Oop [232]=Oop [240]=Oop [256]=Oop [272]=Oop [280]=Oop [296]=Oop [304]=Oop }
                      ;*invokevirtual registerDependentBean {reexecute=0 rethrow=0 return_oop=0}
                      ; - org.springframework.beans.factory.support.AbstractBeanFactory::doGetBean@360 (line 311)
  0x000001e932643e50: 811f 0000 

  0x000001e932643e54: ;   {other}
  0x000001e932643e54: 0fff 00a9 | 440c 000b | 4c8b 8424 | 1801 0000 

  0x000001e932643e64: ;   {oop(nullptr)}
  0x000001e932643e64: 49b9 0000 | 0000 0000 

  0x000001e932643e6c: ;   {oop(nullptr)}
  0x000001e932643e6c: 0000 48bf | 0000 0000 | 0000 0000 | be00 0000 | 0048 8b94 | 24d0 0000 

  0x000001e932643e84: ;   {optimized virtual_call}
  0x000001e932643e84: 0066 90e8 

  0x000001e932643e88: ; ImmutableOopMap {[208]=Oop [216]=Oop [232]=Oop [240]=Oop [256]=Oop [272]=Oop [280]=Oop [296]=Oop [304]=Oop }
                      ;*invokevirtual doGetBean {reexecute=0 rethrow=0 return_oop=0}
                      ; - org.springframework.beans.factory.support.AbstractBeanFactory::getBean@5 (line 200)
                      ; - org.springframework.beans.factory.support.AbstractBeanFactory::doGetBean@366 (line 313)
  0x000001e932643e88: 34fb ffff 

  0x000001e932643e8c: ;   {other}
  0x000001e932643e8c: 0fff 00a9 | 7c0c 000c | 8b8c 24e4 | 0000 00ff | c14d 8b97 

  0x000001e932643ea0: ; ImmutableOopMap {[208]=Oop [216]=Oop [232]=Oop [240]=Oop [256]=Oop [272]=Oop [280]=Oop [296]=Oop [304]=Oop }
                      ;*goto {reexecute=1 rethrow=0 return_oop=0}
                      ; - (reexecute) org.springframework.beans.factory.support.AbstractBeanFactory::doGetBean@451 (line 306)
  0x000001e932643ea0: 5804 0000 

  0x000001e932643ea4: ;   {poll}
  0x000001e932643ea4: 4185 028b | 9c24 2001 | 0000 488b | b424 2801 | 0000 488b | 8424 0001 | 0000 488b | 9424 d000 
  0x000001e932643ec4: 0000 3bcb | 0f8c 92fe | ffff 4889 | 8424 0001 | 0000 488b | 8424 3001 | 0000 448b | 402c 49c1 
  0x000001e932643ee4: ;   {oop("singleton"{0x000000068450f4f8})}
  0x000001e932643ee4: e003 48ba | f8f4 5084 | 0600 0000 | 0f1f 8000 

  0x000001e932643ef4: ;   {optimized virtual_call}
  0x000001e932643ef4: 0000 00e8 

  0x000001e932643ef8: ; ImmutableOopMap {[208]=Oop [216]=Oop [232]=Oop [240]=Oop [256]=Oop [272]=Oop [304]=Oop }
                      ;*invokevirtual equals {reexecute=0 rethrow=0 return_oop=0}
                      ; - org.springframework.beans.factory.support.AbstractBeanDefinition::isSingleton@7 (line 535)
                      ; - org.springframework.beans.factory.support.AbstractBeanFactory::doGetBean@456 (line 334)
  0x000001e932643ef8: e43e 88ff 

  0x000001e932643efc: ;   {other}
  0x000001e932643efc: 0fff 00a9 | ec0c 000e | 85c0 0f85 | 3d00 0000 | 488b 8424 | 3001 0000 | 448b 402c | 49c1 e003 
  0x000001e932643f1c: ;   {oop(""{0x0000000683ccd108})}
  0x000001e932643f1c: 48ba 08d1 | cc83 0600 

  0x000001e932643f24: ;   {optimized virtual_call}
  0x000001e932643f24: 0000 90e8 

  0x000001e932643f28: ; ImmutableOopMap {[208]=Oop [216]=Oop [232]=Oop [240]=Oop [256]=Oop [272]=Oop [304]=Oop }
                      ;*invokevirtual equals {reexecute=0 rethrow=0 return_oop=0}
                      ; - org.springframework.beans.factory.support.AbstractBeanDefinition::isSingleton@19 (line 535)
                      ; - org.springframework.beans.factory.support.AbstractBeanFactory::doGetBean@456 (line 334)
  0x000001e932643f28: 54af 7bff 

  0x000001e932643f2c: ;   {other}
  0x000001e932643f2c: 0fff 00a9 | 1c0d 000f | 85c0 41b8 | 0000 0000 | 7406 41b8 | 0100 0000 | e906 0000 | 0041 b801 
  0x000001e932643f4c: 0000 0041 | 83e0 0145 | 85c0 0f84 | f501 0000 

  0x000001e932643f5c: ;   {oop(a 'java/lang/Class'{0x0000000684701958} = 'org/springframework/beans/factory/support/AbstractBeanFactory$$Lambda+0x000001e941284778')}
  0x000001e932643f5c: 49b8 5819 | 7084 0600 

  0x000001e932643f64: ;   {oop(a 'jdk/internal/misc/Unsafe'{0x0000000683c97170})}
  0x000001e932643f64: 0000 48ba | 7071 c983 | 0600 0000 | 0f1f 8000 

  0x000001e932643f74: ;   {optimized virtual_call}
  0x000001e932643f74: 0000 00e8 

  0x000001e932643f78: ; ImmutableOopMap {[208]=Oop [216]=Oop [232]=Oop [240]=Oop [256]=Oop [272]=Oop [304]=Oop }
                      ;*invokevirtual allocateInstance {reexecute=0 rethrow=0 return_oop=0}
                      ; - java.lang.invoke.DirectMethodHandle::allocateInstance@12 (line 501)
                      ; - java.lang.invoke.LambdaForm$DMH/0x000001e941139000::newInvokeSpecial@1
                      ; - java.lang.invoke.Invokers$Holder::linkToTargetMethod@9
                      ; - org.springframework.beans.factory.support.AbstractBeanFactory::doGetBean@471 (line 335)
  0x000001e932643f78: e428 b9ff 

  0x000001e932643f7c: ;   {other}
  0x000001e932643f7c: 0fff 00a9 | 6c0d 0010 | 450f be47 | 4045 85c0 | 0f85 2c19 | 0000 488b | 9424 d000 | 0000 4c8b 
  0x000001e932643f9c: d249 c1ea | 0344 8950 | 0c4c 8bc0 | 4c33 c249 | c1e8 1649 | 83f8 000f | 852a 1900 | 0045 0fbe 
  0x000001e932643fbc: 4740 4585 | c00f 8534 | 1900 0048 | 8bb4 2400 | 0100 004c | 8bd6 49c1 | ea03 4489 | 5010 4c8b 
  0x000001e932643fdc: c04c 33c6 | 49c1 e816 | 4983 f800 | 0f85 2d19 | 0000 450f | be47 4045 | 85c0 0f85 | 3719 0000 
  0x000001e932643ffc: 488b bc24 | 3001 0000 | 4c8b d749 | c1ea 0344 | 8950 144c | 8bc0 4c33 | c749 c1e8 | 1649 83f8 
  0x000001e93264401c: 000f 8530 | 1900 0045 | 0fbe 4740 | 4585 c00f | 853a 1900 | 0048 8b9c | 24d8 0000 | 004c 8bd3 
  0x000001e93264403c: 49c1 ea03 | 4489 5018 | 4c8b c04c | 33c3 49c1 | e816 4983 | f800 0f85 | 3319 0000 | 4c8b c64c 
  0x000001e93264405c: 8bc8 488b | da48 8bd3 | 4889 b424 | 0001 0000 

  0x000001e93264406c: ;   {optimized virtual_call}
  0x000001e93264406c: 6666 90e8 

  0x000001e932644070: ; ImmutableOopMap {[208]=Oop [232]=Oop [240]=Oop [256]=Oop [272]=Oop [304]=Oop }
                      ;*invokevirtual getSingleton {reexecute=0 rethrow=0 return_oop=0}
                      ; - org.springframework.beans.factory.support.AbstractBeanFactory::doGetBean@476 (line 335)
  0x000001e932644070: 811d 0000 

  0x000001e932644074: ;   {other}
  0x000001e932644074: 0fff 00a9 | 640e 0011 | 488b 9424 | d000 0000 | 8bb2 9800 | 0000 48c1 | e603 483b | 064d 8b87 
  0x000001e932644094: 8803 0000 | 4d8b 0048 | 8bd6 4889 | 8424 4001 

  0x000001e9326440a4: ;   {optimized virtual_call}
  0x000001e9326440a4: 0000 90e8 

  0x000001e9326440a8: ; ImmutableOopMap {[208]=Oop [232]=Oop [240]=Oop [256]=Oop [272]=Oop [304]=Oop [320]=Oop }
                      ;*invokevirtual get {reexecute=0 rethrow=0 return_oop=0}
                      ; - java.lang.ThreadLocal::get@4 (line 172)
                      ; - org.springframework.beans.factory.support.AbstractAutowireCapableBeanFactory::getObjectForBeanInstance@4 (line 1291)
                      ; - org.springframework.beans.factory.support.AbstractBeanFactory::doGetBean@489 (line 347)
  0x000001e9326440a8: 543c caff 

  0x000001e9326440ac: ;   {other}
  0x000001e9326440ac: 0fff 00a9 | 9c0e 0012 | 4885 c00f | 8429 0000 

  0x000001e9326440bc: ;   {metadata('java/lang/String')}
  0x000001e9326440bc: 0048 be78 | e800 40e9 | 0100 0044 | 8b40 0849 | ba00 0000 | 40e9 0100 | 004d 03c2 | 493b f00f 
  0x000001e9326440dc: 85c7 1800 | 00e9 0000 | 0000 4c8b | c84d 85c9 | 0f84 2200 | 0000 4c8b | 8424 0001 | 0000 488b 
  0x000001e9326440fc: 9424 d000 | 0000 0f1f 

  0x000001e932644104: ;   {optimized virtual_call}
  0x000001e932644104: 4400 00e8 

  0x000001e932644108: ; ImmutableOopMap {[208]=Oop [232]=Oop [240]=Oop [256]=Oop [272]=Oop [304]=Oop [320]=Oop }
                      ;*invokevirtual registerDependentBean {reexecute=0 rethrow=0 return_oop=0}
                      ; - org.springframework.beans.factory.support.AbstractAutowireCapableBeanFactory::getObjectForBeanInstance@21 (line 1293)
                      ; - org.springframework.beans.factory.support.AbstractBeanFactory::doGetBean@489 (line 347)
  0x000001e932644108: 74ad 7bff 

  0x000001e93264410c: ;   {other}
  0x000001e93264410c: 0fff 00a9 | fc0e 0013 | 488b 8424 | 4001 0000 | 4c8b c04c | 8b8c 24f0 | 0000 0048 | 8bbc 2400 
  0x000001e93264412c: 0100 0048 | 8bb4 2430 | 0100 0048 | 8b94 24d0 

  0x000001e93264413c: ;   {optimized virtual_call}
  0x000001e93264413c: 0000 00e8 

  0x000001e932644140: ; ImmutableOopMap {[208]=Oop [232]=Oop [240]=Oop [256]=Oop [272]=Oop }
                      ;*invokespecial getObjectForBeanInstance {reexecute=0 rethrow=0 return_oop=0}
                      ; - org.springframework.beans.factory.support.AbstractAutowireCapableBeanFactory::getObjectForBeanInstance@30 (line 1296)
                      ; - org.springframework.beans.factory.support.AbstractBeanFactory::doGetBean@489 (line 347)
  0x000001e932644140: bcca f6ff 

  0x000001e932644144: ;   {other}
  0x000001e932644144: 0fff 00a9 | 340f 0014 | e9cb 0300 | 0048 8b84 | 2430 0100 | 0044 8b40 | 2c49 c1e0 

  0x000001e932644160: ;   {oop("prototype"{0x000000068450f4c0})}
  0x000001e932644160: 0348 bac0 | f450 8406 | 0000 000f 

  0x000001e93264416c: ;   {optimized virtual_call}
  0x000001e93264416c: 1f40 00e8 

  0x000001e932644170: ; ImmutableOopMap {[208]=Oop [216]=Oop [232]=Oop [240]=Oop [256]=Oop [272]=Oop [304]=Oop }
                      ;*invokevirtual equals {reexecute=0 rethrow=0 return_oop=0}
                      ; - org.springframework.beans.factory.support.AbstractBeanDefinition::isPrototype@7 (line 545)
                      ; - org.springframework.beans.factory.support.AbstractBeanFactory::doGetBean@499 (line 350)
  0x000001e932644170: 0cad 7bff 

  0x000001e932644174: ;   {other}
  0x000001e932644174: 0fff 00a9 | 640f 0015 | 83e0 0185 | c00f 844a | 0100 0048 | 8b94 24d0 | 0000 004c | 8b84 2400 
  0x000001e932644194: 0100 0048 | 8bf2 488b 

  0x000001e93264419c: ;   {optimized virtual_call}
  0x000001e93264419c: d666 90e8 

  0x000001e9326441a0: ; ImmutableOopMap {[208]=Oop [216]=Oop [232]=Oop [240]=Oop [256]=Oop [272]=Oop [304]=Oop }
                      ;*invokevirtual beforePrototypeCreation {reexecute=0 rethrow=0 return_oop=0}
                      ; - org.springframework.beans.factory.support.AbstractBeanFactory::doGetBean@511 (line 354)
  0x000001e9326441a0: dcac 7bff 

  0x000001e9326441a4: ;   {other}
  0x000001e9326441a4: 0fff 00a9 | 940f 0016 | 4c8b 8424 | 0001 0000 | 4c8b 8c24 | 3001 0000 | 488b bc24 | d800 0000 
  0x000001e9326441c4: 488b 9424 | d000 0000 

  0x000001e9326441cc: ;   {optimized virtual_call}
  0x000001e9326441cc: 6666 90e8 

  0x000001e9326441d0: ; ImmutableOopMap {[208]=Oop [232]=Oop [240]=Oop [256]=Oop [272]=Oop [304]=Oop }
                      ;*invokevirtual createBean {reexecute=0 rethrow=0 return_oop=0}
                      ; - org.springframework.beans.factory.support.AbstractBeanFactory::doGetBean@520 (line 355)
  0x000001e9326441d0: acac 7bff 

  0x000001e9326441d4: ;   {other}
  0x000001e9326441d4: 0fff 00a9 | c40f 0017 | 4c8b 8424 | 0001 0000 | 488b 9424 | d000 0000 | 4889 8424 | 4801 0000 
  0x000001e9326441f4: ;   {optimized virtual_call}
  0x000001e9326441f4: 6666 90e8 

  0x000001e9326441f8: ; ImmutableOopMap {[208]=Oop [232]=Oop [240]=Oop [256]=Oop [272]=Oop [304]=Oop [328]=Oop }
                      ;*invokevirtual afterPrototypeCreation {reexecute=0 rethrow=0 return_oop=0}
                      ; - org.springframework.beans.factory.support.AbstractBeanFactory::doGetBean@528 (line 358)
  0x000001e9326441f8: 84ac 7bff 

  0x000001e9326441fc: ;   {other}
  0x000001e9326441fc: 0fff 00a9 | ec0f 0018 | 488b 9424 | d000 0000 | 8bb2 9800 | 0000 48c1 | e603 483b | 064d 8b87 
  0x000001e93264421c: 8803 0000 | 4d8b 0048 

  0x000001e932644224: ;   {optimized virtual_call}
  0x000001e932644224: 8bd6 90e8 

  0x000001e932644228: ; ImmutableOopMap {[208]=Oop [232]=Oop [240]=Oop [256]=Oop [272]=Oop [304]=Oop [328]=Oop }
                      ;*invokevirtual get {reexecute=0 rethrow=0 return_oop=0}
                      ; - java.lang.ThreadLocal::get@4 (line 172)
                      ; - org.springframework.beans.factory.support.AbstractAutowireCapableBeanFactory::getObjectForBeanInstance@4 (line 1291)
                      ; - org.springframework.beans.factory.support.AbstractBeanFactory::doGetBean@553 (line 360)
  0x000001e932644228: 54ac 7bff 

  0x000001e93264422c: ;   {other}
  0x000001e93264422c: 0fff 00a9 | 1c10 0019 | 4885 c00f | 8429 0000 

  0x000001e93264423c: ;   {metadata('java/lang/String')}
  0x000001e93264423c: 0048 be78 | e800 40e9 | 0100 0044 | 8b40 0849 | ba00 0000 | 40e9 0100 | 004d 03c2 | 493b f00f 
  0x000001e93264425c: 8555 1700 | 00e9 0000 | 0000 4c8b | c84d 85c9 | 0f84 2200 | 0000 4c8b | 8424 0001 | 0000 488b 
  0x000001e93264427c: 9424 d000 | 0000 0f1f 

  0x000001e932644284: ;   {optimized virtual_call}
  0x000001e932644284: 4400 00e8 

  0x000001e932644288: ; ImmutableOopMap {[208]=Oop [232]=Oop [240]=Oop [256]=Oop [272]=Oop [304]=Oop [328]=Oop }
                      ;*invokevirtual registerDependentBean {reexecute=0 rethrow=0 return_oop=0}
                      ; - org.springframework.beans.factory.support.AbstractAutowireCapableBeanFactory::getObjectForBeanInstance@21 (line 1293)
                      ; - org.springframework.beans.factory.support.AbstractBeanFactory::doGetBean@553 (line 360)
  0x000001e932644288: f4ab 7bff 

  0x000001e93264428c: ;   {other}
  0x000001e93264428c: 0fff 00a9 | 7c10 001a | 488b 8424 | 4801 0000 | 4c8b c04c | 8b8c 24f0 | 0000 0048 | 8bbc 2400 
  0x000001e9326442ac: 0100 0048 | 8bb4 2430 | 0100 0048 | 8b94 24d0 

  0x000001e9326442bc: ;   {optimized virtual_call}
  0x000001e9326442bc: 0000 00e8 

  0x000001e9326442c0: ; ImmutableOopMap {[208]=Oop [232]=Oop [240]=Oop [256]=Oop [272]=Oop }
                      ;*invokespecial getObjectForBeanInstance {reexecute=0 rethrow=0 return_oop=0}
                      ; - org.springframework.beans.factory.support.AbstractAutowireCapableBeanFactory::getObjectForBeanInstance@30 (line 1296)
                      ; - org.springframework.beans.factory.support.AbstractBeanFactory::doGetBean@553 (line 360)
  0x000001e9326442c0: bcab 7bff 

  0x000001e9326442c4: ;   {other}
  0x000001e9326442c4: 0fff 00a9 | b410 001b | e94b 0200 | 0048 8b84 | 2430 0100 | 008b 702c | 48c1 e603 | 4885 f60f 
  0x000001e9326442e4: 8437 0000 | 0044 8b46 | 1449 c1e0 | 0345 8b40 | 0c45 85c0 | 41b8 0000 | 0000 7506 | 41b8 0100 
  0x000001e932644304: 0000 4183 | e001 4585 | c041 b800 | 0000 0075 | 0641 b801 | 0000 00e9 | 0600 0000 | 41b8 0000 
  0x000001e932644324: 0000 4183 | e001 4585 | c00f 84e9 | 0c00 0048 | 8b94 24d0 | 0000 008b | 7a74 48c1 | e703 4c8b 
  0x000001e932644344: c648 8bd7 | 4889 b424 | 5001 0000 | 0f1f 4400 | 0048 b8ff | ffff ffff 

  0x000001e93264435c: ;   {virtual_call}
  0x000001e93264435c: ffff ffe8 

  0x000001e932644360: ; ImmutableOopMap {[208]=Oop [216]=Oop [232]=Oop [240]=Oop [256]=Oop [272]=Oop [304]=Oop [336]=Oop }
                      ;*invokeinterface get {reexecute=0 rethrow=0 return_oop=0}
                      ; - org.springframework.beans.factory.support.AbstractBeanFactory::doGetBean@597 (line 368)
  0x000001e932644360: 1cb0 7bff 

  0x000001e932644364: ;   {other}
  0x000001e932644364: 0fff 00a9 | 5411 001c | 4885 c00f | 8449 0000 

  0x000001e932644374: ;   {metadata('org/springframework/beans/factory/config/Scope')}
  0x000001e932644374: 0049 b9a0 | b220 41e9 | 0100 0044 | 8b40 0849 | ba00 0000 | 40e9 0100 | 004d 03c2 | 4d3b 4820 
  0x000001e932644394: 0f84 2400 | 0000 4d3b | c10f 841b | 0000 0041 

  0x000001e9326443a4: ;   {runtime_call slow_subtype_check Runtime1 stub}
  0x000001e9326443a4: 5041 51e8 | d488 87ff | 4158 4158 | 4585 c00f | 8410 1600 | 00e9 0000 | 0000 488b | d848 85db 
  0x000001e9326443c4: 0f84 9a0b | 0000 4889 | 9c24 5801 | 0000 488b | 9424 d000 | 0000 660f | 1f44 0000 

  0x000001e9326443e0: ;   {no_reloc}
  0x000001e9326443e0: e9fc 1500 | 0090 9090 | 9090 488b | c248 8bd0 | 4c8b 8424 | 0001 0000 | 4c8b 8c24 | 3001 0000 
  0x000001e932644400: 488b bc24 | d800 0000 | 0f1f 8000 

  0x000001e93264440c: ;   {static_call}
  0x000001e93264440c: 0000 00e8 

  0x000001e932644410: ; ImmutableOopMap {[208]=Oop [232]=Oop [240]=Oop [256]=Oop [272]=Oop [304]=Oop [336]=Oop [344]=Oop }
                      ;*invokedynamic {reexecute=0 rethrow=0 return_oop=0}
                      ; - org.springframework.beans.factory.support.AbstractBeanFactory::doGetBean@637 (line 373)
  0x000001e932644410: 6cb4 7bff 

  0x000001e932644414: ;   {other}
  0x000001e932644414: 0fff 00a9 | 0412 001d | 4c8b 8424 | 0001 0000 | 4c8b c848 | 8b94 2458 | 0100 0066 | 0f1f 4400 
  0x000001e932644434: 0048 b8ff | ffff ffff 

  0x000001e93264443c: ;   {virtual_call}
  0x000001e93264443c: ffff ffe8 

  0x000001e932644440: ; ImmutableOopMap {[208]=Oop [232]=Oop [240]=Oop [256]=Oop [272]=Oop [304]=Oop [336]=Oop }
                      ;*invokeinterface get {reexecute=0 rethrow=0 return_oop=0}
                      ; - org.springframework.beans.factory.support.AbstractBeanFactory::doGetBean@642 (line 373)
  0x000001e932644440: 3caf 7bff 

  0x000001e932644444: ;   {other}
  0x000001e932644444: 0fff 00a9 | 3412 001e | 488b 9424 | d000 0000 | 8bb2 9800 | 0000 48c1 | e603 483b | 064d 8b87 
  0x000001e932644464: 8803 0000 | 4d8b 0048 | 8bd6 4889 | 8424 6001 

  0x000001e932644474: ;   {optimized virtual_call}
  0x000001e932644474: 0000 90e8 

  0x000001e932644478: ; ImmutableOopMap {[208]=Oop [232]=Oop [240]=Oop [256]=Oop [272]=Oop [304]=Oop [336]=Oop [352]=Oop }
                      ;*invokevirtual get {reexecute=0 rethrow=0 return_oop=0}
                      ; - java.lang.ThreadLocal::get@4 (line 172)
                      ; - org.springframework.beans.factory.support.AbstractAutowireCapableBeanFactory::getObjectForBeanInstance@4 (line 1291)
                      ; - org.springframework.beans.factory.support.AbstractBeanFactory::doGetBean@657 (line 382)
  0x000001e932644478: 04aa 7bff 

  0x000001e93264447c: ;   {other}
  0x000001e93264447c: 0fff 00a9 | 6c12 001f | 4885 c00f | 8429 0000 

  0x000001e93264448c: ;   {metadata('java/lang/String')}
  0x000001e93264448c: 0048 be78 | e800 40e9 | 0100 0044 | 8b40 0849 | ba00 0000 | 40e9 0100 | 004d 03c2 | 493b f00f 
  0x000001e9326444ac: 853f 1500 | 00e9 0000 | 0000 4c8b | c84d 85c9 | 0f84 2200 | 0000 4c8b | 8424 0001 | 0000 488b 
  0x000001e9326444cc: 9424 d000 | 0000 0f1f 

  0x000001e9326444d4: ;   {optimized virtual_call}
  0x000001e9326444d4: 4400 00e8 

  0x000001e9326444d8: ; ImmutableOopMap {[208]=Oop [232]=Oop [240]=Oop [256]=Oop [272]=Oop [304]=Oop [336]=Oop [352]=Oop }
                      ;*invokevirtual registerDependentBean {reexecute=0 rethrow=0 return_oop=0}
                      ; - org.springframework.beans.factory.support.AbstractAutowireCapableBeanFactory::getObjectForBeanInstance@21 (line 1293)
                      ; - org.springframework.beans.factory.support.AbstractBeanFactory::doGetBean@657 (line 382)
  0x000001e9326444d8: a4a9 7bff 

  0x000001e9326444dc: ;   {other}
  0x000001e9326444dc: 0fff 00a9 | cc12 0020 | 488b 8424 | 6001 0000 | 4c8b c04c | 8b8c 24f0 | 0000 0048 | 8bbc 2400 
  0x000001e9326444fc: 0100 0048 | 8bb4 2430 | 0100 0048 | 8b94 24d0 

  0x000001e93264450c: ;   {optimized virtual_call}
  0x000001e93264450c: 0000 00e8 

  0x000001e932644510: ; ImmutableOopMap {[208]=Oop [232]=Oop [240]=Oop [256]=Oop [272]=Oop [336]=Oop }
                      ;*invokespecial getObjectForBeanInstance {reexecute=0 rethrow=0 return_oop=0}
                      ; - org.springframework.beans.factory.support.AbstractAutowireCapableBeanFactory::getObjectForBeanInstance@30 (line 1296)
                      ; - org.springframework.beans.factory.support.AbstractBeanFactory::doGetBean@657 (line 382)
  0x000001e932644510: 6ca9 7bff 

  0x000001e932644514: ;   {other}
  0x000001e932644514: 0fff 00a9 | 0413 0021 | 488b 9c24 | 1001 0000 | 488b 9424 | d000 0000 | 4885 db0f | 8429 0000 
  0x000001e932644534: ;   {metadata('org/springframework/core/metrics/DefaultApplicationStartup$DefaultStartupStep')}
  0x000001e932644534: 0049 b878 | 0e11 41e9 | 0100 008b | 7b08 49ba | 0000 0040 | e901 0000 | 4903 fa4c | 3b47 380f 
  0x000001e932644554: 85a0 1400 | 00e9 0000 | 0000 4c8b | c344 0fbe | 4215 4183 | e001 4585 | c00f 8529 | 0700 0048 
  0x000001e932644574: 8984 2468 | 0100 008b | 727c 48c1 | e603 4c8b | 8424 0001 | 0000 488b | d648 b8ff | ffff ffff 
  0x000001e932644594: ;   {virtual_call}
  0x000001e932644594: ffff ffe8 

  0x000001e932644598: ; ImmutableOopMap {[208]=Oop [232]=Oop [240]=Oop [256]=Oop [360]=Oop }
                      ;*invokeinterface get {reexecute=0 rethrow=0 return_oop=0}
                      ; - org.springframework.beans.factory.support.AbstractBeanFactory::clearMergedBeanDefinition@5 (line 1508)
                      ; - org.springframework.beans.factory.support.DefaultListableBeanFactory::clearMergedBeanDefinition@2 (line 910)
                      ; - org.springframework.beans.factory.support.AbstractBeanFactory::doGetBean@698 (line 398)
  0x000001e932644598: e4ad 7bff 

  0x000001e93264459c: ;   {other}
  0x000001e93264459c: 0fff 00a9 | 8c13 0022 | 4885 c00f | 8429 0000 

  0x000001e9326445ac: ;   {metadata('org/springframework/beans/factory/support/RootBeanDefinition')}
  0x000001e9326445ac: 0048 bae8 | 9c21 41e9 | 0100 008b | 7808 49ba | 0000 0040 | e901 0000 | 4903 fa48 | 3b57 500f 
  0x000001e9326445cc: 852d 1400 | 00e9 0000 | 0000 488b | d048 85d2 | 0f84 7806 | 0000 be01 | 0000 0040 | 8872 64f0 
  0x000001e9326445ec: 8344 24c0 | 00e9 6406 | 0000 488b | 8424 3001 | 0000 488b | 9c24 1001 

  0x000001e932644604: ;   {metadata('org/springframework/beans/factory/BeanCreationException')}
  0x000001e932644604: 0000 48ba | d054 2141 | e901 0000 | 4c8b c880 | ba31 0100 | 0004 0f85 | f113 0000 | 498b 87b8 
  0x000001e932644624: 0100 0048 | 8d78 3049 | 3bbf c801 | 0000 0f87 | d913 0000 | 4989 bfb8 | 0100 0048 | c700 0100 
  0x000001e932644644: 0000 488b | ca49 ba00 | 0000 40e9 | 0100 0049 | 2bca 8948 | 0848 33c9 | 8948 0c48 | 33c9 4889 
  0x000001e932644664: 4810 4889 | 4818 4889 | 4820 4889 | 4828 4889 | 8424 d001 | 0000 418b | 7160 48c1 | e603 4885 
  0x000001e932644684: f60f 8456 | 0800 00e9 | 2c08 0000 | 4c8b 8424 | f000 0000 | 498b d00f 

  0x000001e93264469c: ;   {static_call}
  0x000001e93264469c: 1f40 00e8 

  0x000001e9326446a0: ; ImmutableOopMap {[208]=Oop [216]=Oop [232]=Oop [240]=Oop [264]=Oop }
                      ;*invokestatic transformedBeanName {reexecute=0 rethrow=0 return_oop=0}
                      ; - org.springframework.beans.factory.support.AbstractBeanFactory::transformedBeanName@2 (line 1277)
                      ; - org.springframework.beans.factory.support.AbstractBeanFactory::originalBeanName@2 (line 1286)
                      ; - org.springframework.beans.factory.support.AbstractBeanFactory::doGetBean@136 (line 273)
  0x000001e9326446a0: dcb1 7bff 

  0x000001e9326446a4: ;   {other}
  0x000001e9326446a4: 0fff 00a9 | 9414 0023 | 4c8b c048 | 8b94 24d0 

  0x000001e9326446b4: ;   {optimized virtual_call}
  0x000001e9326446b4: 0000 00e8 

  0x000001e9326446b8: ; ImmutableOopMap {[216]=Oop [232]=Oop [240]=Oop [264]=Oop }
                      ;*invokevirtual canonicalName {reexecute=0 rethrow=0 return_oop=0}
                      ; - org.springframework.beans.factory.support.AbstractBeanFactory::transformedBeanName@5 (line 1277)
                      ; - org.springframework.beans.factory.support.AbstractBeanFactory::originalBeanName@2 (line 1286)
                      ; - org.springframework.beans.factory.support.AbstractBeanFactory::doGetBean@136 (line 273)
  0x000001e9326446b8: c4a7 7bff 

  0x000001e9326446bc: ;   {other}
  0x000001e9326446bc: 0fff 00a9 | ac14 0024 | 4c8b 8424 | f000 0000 

  0x000001e9326446cc: ; implicit exception: dispatches to 0x000001e932645a1e
  0x000001e9326446cc: 493b 0049 

  0x000001e9326446d0: ;   {oop("&"{0x0000000684510d40})}
  0x000001e9326446d0: 8bf0 49b8 | 400d 5184 | 0600 0000 | 41b9 0000 | 0000 488b | d648 8984 | 2470 0100 

  0x000001e9326446ec: ;   {optimized virtual_call}
  0x000001e9326446ec: 0066 90e8 

  0x000001e9326446f0: ; ImmutableOopMap {[216]=Oop [232]=Oop [264]=Oop [368]=Oop }
                      ;*invokevirtual startsWith {reexecute=0 rethrow=0 return_oop=0}
                      ; - java.lang.String::startsWith@3 (line 2316)
                      ; - org.springframework.beans.factory.support.AbstractBeanFactory::originalBeanName@10 (line 1287)
                      ; - org.springframework.beans.factory.support.AbstractBeanFactory::doGetBean@136 (line 273)
  0x000001e9326446f0: 8ca7 7bff 

  0x000001e9326446f4: ;   {other}
  0x000001e9326446f4: 0fff 00a9 | e414 0025 | 83e0 0185 | c048 8b84 | 2470 0100 | 000f 841d | 0000 0090 

  0x000001e932644710: ;   {no_reloc}
  0x000001e932644710: e91d 1300 | 0090 9090 | 9090 488b 

  0x000001e93264471c: ;   {static_call}
  0x000001e93264471c: d066 90e8 

  0x000001e932644720: ; ImmutableOopMap {[216]=Oop [232]=Oop [264]=Oop }
                      ;*invokedynamic {reexecute=0 rethrow=0 return_oop=0}
                      ; - org.springframework.beans.factory.support.AbstractBeanFactory::originalBeanName@17 (line 1288)
                      ; - org.springframework.beans.factory.support.AbstractBeanFactory::doGetBean@136 (line 273)
  0x000001e932644720: 5cb1 7bff 

  0x000001e932644724: ;   {other}
  0x000001e932644724: 0fff 00a9 | 1415 0026 | 488b b424 | 0801 0000 | 4885 f60f | 8429 0000 

  0x000001e93264473c: ;   {metadata('org/springframework/beans/factory/support/AbstractBeanFactory')}
  0x000001e93264473c: 0048 b978 | 2d21 41e9 | 0100 008b | 5e08 49ba | 0000 0040 | e901 0000 | 4903 da48 | 3b4b 500f 
  0x000001e93264475c: 8505 0000 | 00e9 0500 | 0000 4833 | d2eb 0748 | c7c2 0100 | 0000 85d2 | 488b bc24 | d800 0000 
  0x000001e93264477c: 0f85 6804 | 0000 4885 | ff0f 8527 | 0400 004c | 8b8c 24e8 | 0000 004d | 85c9 4c8b | c00f 84e3 
  0x000001e93264479c: 0300 00e9 | a503 0000 | 4889 8424 | 7801 0000 | 488b 9424 | d000 0000 | 8b72 0c48 | c1e6 0348 
  0x000001e9326447bc: 8bd6 0f1f | 8000 0000 | 0048 b848 | ef10 41e9 

  0x000001e9326447cc: ;   {virtual_call}
  0x000001e9326447cc: 0100 00e8 

  0x000001e9326447d0: ; ImmutableOopMap {[208]=Oop [232]=Oop [240]=Oop [256]=Oop [376]=Oop }
                      ;*invokeinterface isTraceEnabled {reexecute=0 rethrow=0 return_oop=0}
                      ; - org.springframework.beans.factory.support.AbstractBeanFactory::doGetBean@28 (line 250)
  0x000001e9326447d0: ec51 ddff 

  0x000001e9326447d4: ;   {other}
  0x000001e9326447d4: 0fff 00a9 | c415 0027 | 85c0 0f84 | 0801 0000 | 488b 9424 | d000 0000 | 8b72 2848 | c1e6 034c 
  0x000001e9326447f4: 8b84 2400 | 0100 0048 | 8bd6 0f1f | 8000 0000 | 0048 b8ff | ffff ffff 

  0x000001e93264480c: ;   {virtual_call}
  0x000001e93264480c: ffff ffe8 

  0x000001e932644810: ; ImmutableOopMap {[208]=Oop [232]=Oop [240]=Oop [256]=Oop [376]=Oop }
                      ;*invokeinterface contains {reexecute=0 rethrow=0 return_oop=0}
                      ; - org.springframework.beans.factory.support.DefaultSingletonBeanRegistry::isSingletonCurrentlyInCreation@5 (line 344)
                      ; - org.springframework.beans.factory.support.AbstractBeanFactory::doGetBean@39 (line 251)
  0x000001e932644810: 6cab 7bff 

  0x000001e932644814: ;   {other}
  0x000001e932644814: 0fff 00a9 | 0416 0028 | 83e0 0185 | c048 8b94 | 24d0 0000 | 000f 8462 | 0000 008b | 720c 48c1 
  0x000001e932644834: e603 6690 

  0x000001e932644838: ;   {no_reloc}
  0x000001e932644838: e90e 1200 | 0090 9090 | 9090 488b | 9424 0001 | 0000 4889 | b424 8001 | 0000 0f1f 

  0x000001e932644854: ;   {static_call}
  0x000001e932644854: 4400 00e8 

  0x000001e932644858: ; ImmutableOopMap {[208]=Oop [232]=Oop [240]=Oop [256]=Oop [376]=Oop [384]=Oop }
                      ;*invokedynamic {reexecute=0 rethrow=0 return_oop=0}
                      ; - org.springframework.beans.factory.support.AbstractBeanFactory::doGetBean@51 (line 252)
  0x000001e932644858: 24b0 7bff 

  0x000001e93264485c: ;   {other}
  0x000001e93264485c: 0fff 00a9 | 4c16 0029 | 4c8b c048 | 8b94 2480 | 0100 0066 | 0f1f 4400 | 0048 b8ff | ffff ffff 
  0x000001e93264487c: ;   {virtual_call}
  0x000001e93264487c: ffff ffe8 

  0x000001e932644880: ; ImmutableOopMap {[208]=Oop [232]=Oop [240]=Oop [256]=Oop [376]=Oop }
                      ;*invokeinterface trace {reexecute=0 rethrow=0 return_oop=0}
                      ; - org.springframework.beans.factory.support.AbstractBeanFactory::doGetBean@56 (line 252)
  0x000001e932644880: fcaa 7bff 

  0x000001e932644884: ;   {other}
  0x000001e932644884: 0fff 00a9 | 7416 002a | e95b 0000 | 008b 720c | 48c1 e603 

  0x000001e932644898: ;   {no_reloc}
  0x000001e932644898: e9c7 1100 | 0090 9090 | 9090 488b | 9424 0001 | 0000 4889 | b424 8801 | 0000 0f1f 

  0x000001e9326448b4: ;   {static_call}
  0x000001e9326448b4: 4400 00e8 

  0x000001e9326448b8: ; ImmutableOopMap {[208]=Oop [232]=Oop [240]=Oop [256]=Oop [376]=Oop [392]=Oop }
                      ;*invokedynamic {reexecute=0 rethrow=0 return_oop=0}
                      ; - org.springframework.beans.factory.support.AbstractBeanFactory::doGetBean@70 (line 256)
  0x000001e9326448b8: c4af 7bff 

  0x000001e9326448bc: ;   {other}
  0x000001e9326448bc: 0fff 00a9 | ac16 002b | 4c8b c048 | 8b94 2488 | 0100 0066 | 0f1f 4400 | 0048 b8ff | ffff ffff 
  0x000001e9326448dc: ;   {virtual_call}
  0x000001e9326448dc: ffff ffe8 

  0x000001e9326448e0: ; ImmutableOopMap {[208]=Oop [232]=Oop [240]=Oop [256]=Oop [376]=Oop }
                      ;*invokeinterface trace {reexecute=0 rethrow=0 return_oop=0}
                      ; - org.springframework.beans.factory.support.AbstractBeanFactory::doGetBean@75 (line 256)
  0x000001e9326448e0: 9caa 7bff 

  0x000001e9326448e4: ;   {other}
  0x000001e9326448e4: 0fff 00a9 | d416 002c | 488b 9424 | d000 0000 | 8bb2 9800 | 0000 48c1 | e603 483b | 064d 8b87 
  0x000001e932644904: 8803 0000 | 4d8b 0048 

  0x000001e93264490c: ;   {optimized virtual_call}
  0x000001e93264490c: 8bd6 90e8 

  0x000001e932644910: ; ImmutableOopMap {[208]=Oop [232]=Oop [240]=Oop [256]=Oop [376]=Oop }
                      ;*invokevirtual get {reexecute=0 rethrow=0 return_oop=0}
                      ; - java.lang.ThreadLocal::get@4 (line 172)
                      ; - org.springframework.beans.factory.support.AbstractAutowireCapableBeanFactory::getObjectForBeanInstance@4 (line 1291)
                      ; - org.springframework.beans.factory.support.AbstractBeanFactory::doGetBean@87 (line 259)
  0x000001e932644910: ec33 caff 

  0x000001e932644914: ;   {other}
  0x000001e932644914: 0fff 00a9 | 0417 002d | 4885 c00f | 8429 0000 

  0x000001e932644924: ;   {metadata('java/lang/String')}
  0x000001e932644924: 0048 be78 | e800 40e9 | 0100 0044 | 8b40 0849 | ba00 0000 | 40e9 0100 | 004d 03c2 | 493b f00f 
  0x000001e932644944: 852a 1100 | 00e9 0000 | 0000 4c8b | c84d 85c9 | 0f84 ac01 | 0000 4c8b | 8424 0001 | 0000 488b 
  0x000001e932644964: 9424 d000 | 0000 0f1f 

  0x000001e93264496c: ;   {optimized virtual_call}
  0x000001e93264496c: 4400 00e8 

  0x000001e932644970: ; ImmutableOopMap {[208]=Oop [232]=Oop [240]=Oop [256]=Oop [376]=Oop }
                      ;*invokevirtual registerDependentBean {reexecute=0 rethrow=0 return_oop=0}
                      ; - org.springframework.beans.factory.support.AbstractAutowireCapableBeanFactory::getObjectForBeanInstance@21 (line 1293)
                      ; - org.springframework.beans.factory.support.AbstractBeanFactory::doGetBean@87 (line 259)
  0x000001e932644970: 0ca5 7bff 

  0x000001e932644974: ;   {other}
  0x000001e932644974: 0fff 00a9 | 6417 002e | e985 0100 | 004c 8b8c | 2430 0100 | 0048 8b9c | 2410 0100 | 004c 8b9c 
  0x000001e932644994: 24e8 0000 | 0049 8b87 | 0005 0000 | 4d33 d24d | 8997 0005 | 0000 4d33 | d24d 8997 | 0805 0000 
  0x000001e9326449b4: 4d85 db0f | 84ef 0400 | 0048 8984 | 24a8 0100 

  0x000001e9326449c4: ;   {metadata('org/springframework/beans/factory/BeanCreationException')}
  0x000001e9326449c4: 0048 bad0 | 5421 41e9 | 0100 0080 | ba31 0100 | 0004 0f85 | a510 0000 | 498b 87b8 | 0100 0048 
  0x000001e9326449e4: 8d78 3049 | 3bbf c801 | 0000 0f87 | 8d10 0000 | 4989 bfb8 | 0100 0048 | c700 0100 | 0000 488b 
  0x000001e932644a04: ca49 ba00 | 0000 40e9 | 0100 0049 | 2bca 8948 | 0848 33c9 | 8948 0c48 | 33c9 4889 | 4810 4889 
  0x000001e932644a24: 4818 4889 | 4820 4889 | 4828 4889 | 8424 b001 | 0000 418b | 7160 48c1 | e603 4885 | f60f 8462 
  0x000001e932644a44: 0300 00e9 | 3803 0000 | 4c8b 8c24 | 3001 0000 | 488b 9c24 | 1001 0000 | 498b 8700 | 0500 004d 
  0x000001e932644a64: 33d2 4d89 | 9700 0500 | 004d 33d2 | 4d89 9708 | 0500 0048 | 8984 2490 

  0x000001e932644a7c: ;   {metadata('org/springframework/beans/factory/BeanCreationException')}
  0x000001e932644a7c: 0100 0048 | bad0 5421 | 41e9 0100 | 0080 ba31 | 0100 0004 | 0f85 fd0f | 0000 498b | 87b8 0100 
  0x000001e932644a9c: 0048 8d78 | 3049 3bbf | c801 0000 | 0f87 e50f | 0000 4989 | bfb8 0100 | 0048 c700 | 0100 0000 
  0x000001e932644abc: 488b ca49 | ba00 0000 | 40e9 0100 | 0049 2bca | 8948 0848 | 33c9 8948 | 0c48 33c9 | 4889 4810 
  0x000001e932644adc: 4889 4818 | 4889 4820 | 4889 4828 | 4889 8424 | 9801 0000 | 418b 7160 | 48c1 e603 | 4885 f60f 
  0x000001e932644afc: 84f8 0100 | 00e9 d401 | 0000 488b | 8424 7801 | 0000 4c8b | c04c 8b8c | 24f0 0000 | 0048 8bbc 
  0x000001e932644b1c: 2400 0100 

  0x000001e932644b20: ;   {oop(nullptr)}
  0x000001e932644b20: 0048 be00 | 0000 0000 | 0000 0048 | 8b94 24d0 | 0000 000f 

  0x000001e932644b34: ;   {optimized virtual_call}
  0x000001e932644b34: 1f40 00e8 

  0x000001e932644b38: ; ImmutableOopMap {[208]=Oop [232]=Oop [240]=Oop }
                      ;*invokespecial getObjectForBeanInstance {reexecute=0 rethrow=0 return_oop=0}
                      ; - org.springframework.beans.factory.support.AbstractAutowireCapableBeanFactory::getObjectForBeanInstance@30 (line 1296)
                      ; - org.springframework.beans.factory.support.AbstractBeanFactory::doGetBean@87 (line 259)
  0x000001e932644b38: c4c0 f6ff 

  0x000001e932644b3c: ;   {other}
  0x000001e932644b3c: 0fff 00a9 | 2c19 002f | e953 0100 | 004c 8b8c | 24e8 0000 | 0048 8bd6 | 9048 b8ff | ffff ffff 
  0x000001e932644b5c: ;   {virtual_call}
  0x000001e932644b5c: ffff ffe8 

  0x000001e932644b60: ; ImmutableOopMap {}
                      ;*invokeinterface getBean {reexecute=0 rethrow=0 return_oop=0}
                      ; - org.springframework.beans.factory.support.AbstractBeanFactory::doGetBean@192 (line 283)
  0x000001e932644b60: 1ca8 7bff 

  0x000001e932644b64: ;   {other}
  0x000001e932644b64: 0fff 00a9 | 5419 0030 | 4881 c450 | 0200 005d 

  0x000001e932644b74: ;   {poll_return}
  0x000001e932644b74: 493b a750 | 0400 000f | 871f 0f00 | 00c3 488b | d648 b8ff | ffff ffff 

  0x000001e932644b8c: ;   {virtual_call}
  0x000001e932644b8c: ffff ffe8 

  0x000001e932644b90: ; ImmutableOopMap {}
                      ;*invokeinterface getBean {reexecute=0 rethrow=0 return_oop=0}
                      ; - org.springframework.beans.factory.support.AbstractBeanFactory::doGetBean@202 (line 286)
  0x000001e932644b90: eca7 7bff 

  0x000001e932644b94: ;   {other}
  0x000001e932644b94: 0fff 00a9 | 8419 0031 | 4881 c450 | 0200 005d 

  0x000001e932644ba4: ;   {poll_return}
  0x000001e932644ba4: 493b a750 | 0400 000f | 8705 0f00 | 00c3 4c8b | c04c 8bcf | 488b d666 | 9048 b8ff | ffff ffff 
  0x000001e932644bc4: ;   {virtual_call}
  0x000001e932644bc4: ffff ffe8 

  0x000001e932644bc8: ; ImmutableOopMap {}
                      ;*invokeinterface getBean {reexecute=0 rethrow=0 return_oop=0}
                      ; - org.springframework.beans.factory.support.AbstractBeanFactory::doGetBean@177 (line 279)
  0x000001e932644bc8: b4a7 7bff 

  0x000001e932644bcc: ;   {other}
  0x000001e932644bcc: 0fff 00a9 | bc19 0032 | 4881 c450 | 0200 005d 

  0x000001e932644bdc: ;   {poll_return}
  0x000001e932644bdc: 493b a750 | 0400 000f | 87e3 0e00 | 00c3 4885 | f60f 842a 

  0x000001e932644bf0: ;   {metadata('org/springframework/beans/factory/support/AbstractBeanFactory')}
  0x000001e932644bf0: 0000 0048 | ba78 2d21 | 41e9 0100 | 0044 8b4e | 0849 ba00 | 0000 40e9 | 0100 004d | 03ca 493b 
  0x000001e932644c10: 5150 0f85 | ca0e 0000 | e900 0000 | 0048 8bd6 

  0x000001e932644c20: ; implicit exception: dispatches to 0x000001e932645aeb
  0x000001e932644c20: 483b 024c | 8bc0 4c8b | 8c24 e800 | 0000 8bb4 | 24e0 0000 

  0x000001e932644c34: ;   {optimized virtual_call}
  0x000001e932644c34: 0066 90e8 

  0x000001e932644c38: ; ImmutableOopMap {}
                      ;*invokevirtual doGetBean {reexecute=0 rethrow=0 return_oop=0}
                      ; - org.springframework.beans.factory.support.AbstractBeanFactory::doGetBean@164 (line 275)
  0x000001e932644c38: 44a2 7bff 

  0x000001e932644c3c: ;   {other}
  0x000001e932644c3c: 0fff 00a9 | 2c1a 0033 | 4881 c450 | 0200 005d 

  0x000001e932644c4c: ;   {poll_return}
  0x000001e932644c4c: 493b a750 | 0400 000f | 8797 0e00 | 00c3 488b | 9424 d000 | 0000 8bb2 | c000 0000 | 48c1 e603 
  0x000001e932644c6c: 4c8b 8424 | 0001 0000 | 488b d666 | 0f1f 4400 | 0048 b8ff | ffff ffff 

  0x000001e932644c84: ;   {virtual_call}
  0x000001e932644c84: ffff ffe8 

  0x000001e932644c88: ; ImmutableOopMap {[208]=Oop [232]=Oop [240]=Oop [360]=Oop }
                      ;*invokeinterface remove {reexecute=0 rethrow=0 return_oop=0}
                      ; - org.springframework.beans.factory.support.DefaultListableBeanFactory::clearMergedBeanDefinition@10 (line 911)
                      ; - org.springframework.beans.factory.support.AbstractBeanFactory::doGetBean@698 (line 398)
  0x000001e932644c88: f4a6 7bff 

  0x000001e932644c8c: ;   {other}
  0x000001e932644c8c: 0fff 00a9 | 7c1a 0034 | 488b 8424 | 6801 0000 | 4c8b 8424 | f000 0000 | 4c8b c848 | 8bbc 24e8 
  0x000001e932644cac: 0000 0048 | 8b94 24d0 

  0x000001e932644cb4: ;   {optimized virtual_call}
  0x000001e932644cb4: 0000 00e8 

  0x000001e932644cb8: ; ImmutableOopMap {}
                      ;*invokevirtual adaptBeanInstance {reexecute=0 rethrow=0 return_oop=0}
                      ; - org.springframework.beans.factory.support.AbstractBeanFactory::doGetBean@783 (line 403)
  0x000001e932644cb8: 64cc f6ff 

  0x000001e932644cbc: ;   {other}
  0x000001e932644cbc: 0fff 00a9 | ac1a 0035 | 4881 c450 | 0200 005d 

  0x000001e932644ccc: ;   {poll_return}
  0x000001e932644ccc: 493b a750 | 0400 000f | 872d 0e00 | 00c3 488b | d648 b8ff | ffff ffff 

  0x000001e932644ce4: ;   {virtual_call}
  0x000001e932644ce4: ffff ffe8 

  0x000001e932644ce8: ; ImmutableOopMap {[208]=Oop [256]=Oop [272]=Oop [280]=Oop [400]=Oop [408]=Oop }
                      ;*invokeinterface getDescription {reexecute=0 rethrow=0 return_oop=0}
                      ; - org.springframework.beans.factory.support.AbstractBeanDefinition::getResourceDescription@11 (line 1152)
                      ; - org.springframework.beans.factory.support.AbstractBeanFactory::doGetBean@381 (line 316)
  0x000001e932644ce8: 94a6 7bff 

  0x000001e932644cec: ;   {other}
  0x000001e932644cec: 0fff 00a9 | dc1a 0036 | e90a 0000 

  0x000001e932644cf8: ;   {oop(nullptr)}
  0x000001e932644cf8: 0048 b800 | 0000 0000 | 0000 0048 | 8984 24a0 | 0100 000f | 1f44 0000 

  0x000001e932644d10: ;   {no_reloc}
  0x000001e932644d10: e916 0e00 | 0090 9090 | 9090 488b | 9424 0001 | 0000 4c8b | 8424 1801 | 0000 0f1f 

  0x000001e932644d2c: ;   {static_call}
  0x000001e932644d2c: 4400 00e8 

  0x000001e932644d30: ; ImmutableOopMap {[208]=Oop [256]=Oop [272]=Oop [400]=Oop [408]=Oop [416]=Oop }
                      ;*invokedynamic {reexecute=0 rethrow=0 return_oop=0}
                      ; - org.springframework.beans.factory.support.AbstractBeanFactory::doGetBean@390 (line 316)
  0x000001e932644d30: 4cab 7bff 

  0x000001e932644d34: ;   {other}
  0x000001e932644d34: 0fff 00a9 | 241b 0037 | 4c8b 8424 | a001 0000 | 4c8b 8c24 | 0001 0000 | 488b f848 | 8bb4 2490 
  0x000001e932644d54: 0100 0048 | 8b94 2498 

  0x000001e932644d5c: ;   {optimized virtual_call}
  0x000001e932644d5c: 0100 00e8 

  0x000001e932644d60: ; ImmutableOopMap {[208]=Oop [256]=Oop [272]=Oop [408]=Oop }
                      ;*invokespecial <init> {reexecute=0 rethrow=0 return_oop=0}
                      ; - org.springframework.beans.factory.support.AbstractBeanFactory::doGetBean@397 (line 316)
  0x000001e932644d60: 1ca1 7bff 

  0x000001e932644d64: ;   {other}
  0x000001e932644d64: 0fff 00a9 | 541b 0038 | 488b 8424 

  0x000001e932644d70: ; ImmutableOopMap {rax=Oop [208]=Oop [256]=Oop [272]=Oop }
                      ;*athrow {reexecute=1 rethrow=0 return_oop=0}
                      ; - (reexecute) org.springframework.beans.factory.support.AbstractBeanFactory::doGetBean@400 (line 316)
  0x000001e932644d70: 9801 0000 

  0x000001e932644d74: ;   {section_word}
  0x000001e932644d74: 48ba 744d | 6432 e901 

  0x000001e932644d7c: ;   {runtime_call handle_exception_nofpu Runtime1 stub}
  0x000001e932644d7c: 0000 e87d | 6087 ff90 | 488b d666 | 0f1f 4400 | 0048 b8ff | ffff ffff 

  0x000001e932644d94: ;   {virtual_call}
  0x000001e932644d94: ffff ffe8 

  0x000001e932644d98: ; ImmutableOopMap {[208]=Oop [232]=Oop [256]=Oop [272]=Oop [424]=Oop [432]=Oop }
                      ;*invokeinterface getDescription {reexecute=0 rethrow=0 return_oop=0}
                      ; - org.springframework.beans.factory.support.AbstractBeanDefinition::getResourceDescription@11 (line 1152)
                      ; - org.springframework.beans.factory.support.AbstractBeanFactory::doGetBean@413 (line 323)
  0x000001e932644d98: e4a5 7bff 

  0x000001e932644d9c: ;   {other}
  0x000001e932644d9c: 0fff 00a9 | 8c1b 003a | e90a 0000 

  0x000001e932644da8: ;   {oop(nullptr)}
  0x000001e932644da8: 0048 b800 | 0000 0000 | 0000 0048 | 8984 24b8 | 0100 0048 | 8b94 24a8 | 0100 0066 | 9048 b8ff 
  0x000001e932644dc8: ffff ffff 

  0x000001e932644dcc: ;   {virtual_call}
  0x000001e932644dcc: ffff ffe8 

  0x000001e932644dd0: ; ImmutableOopMap {[208]=Oop [232]=Oop [256]=Oop [272]=Oop [424]=Oop [432]=Oop [440]=Oop }
                      ;*invokevirtual getBeanName {reexecute=0 rethrow=0 return_oop=0}
                      ; - org.springframework.beans.factory.support.AbstractBeanFactory::doGetBean@420 (line 324)
  0x000001e932644dd0: aca5 7bff 

  0x000001e932644dd4: ;   {other}
  0x000001e932644dd4: 0fff 00a9 | c41b 003b | 4c8b 8c24 | e800 0000 

  0x000001e932644de4: ; implicit exception: dispatches to 0x000001e932645b35
  0x000001e932644de4: 493b 0149 | 8bd1 4889 | 8424 c001 | 0000 0f1f 

  0x000001e932644df4: ;   {optimized virtual_call}
  0x000001e932644df4: 4400 00e8 

  0x000001e932644df8: ; ImmutableOopMap {[208]=Oop [256]=Oop [272]=Oop [424]=Oop [432]=Oop [440]=Oop [448]=Oop }
                      ;*invokevirtual getSimpleName {reexecute=0 rethrow=0 return_oop=0}
                      ; - org.springframework.beans.factory.support.AbstractBeanFactory::doGetBean@424 (line 325)
  0x000001e932644df8: 84a0 7bff 

  0x000001e932644dfc: ;   {other}
  0x000001e932644dfc: 0fff 00a9 | ec1b 003c | 488b 9424 | a801 0000 | 4889 8424 | c801 0000 | 9048 b8ff | ffff ffff 
  0x000001e932644e1c: ;   {virtual_call}
  0x000001e932644e1c: ffff ffe8 

  0x000001e932644e20: ; ImmutableOopMap {[208]=Oop [256]=Oop [272]=Oop [424]=Oop [432]=Oop [440]=Oop [448]=Oop [456]=Oop }
                      ;*invokevirtual getMessage {reexecute=0 rethrow=0 return_oop=0}
                      ; - org.springframework.beans.factory.support.AbstractBeanFactory::doGetBean@431 (line 326)
  0x000001e932644e20: 5ca5 7bff 

  0x000001e932644e24: ;   {other}
  0x000001e932644e24: 0fff 00a9 | 141c 003d | 0f1f 4000 

  0x000001e932644e30: ;   {no_reloc}
  0x000001e932644e30: e914 0d00 | 0090 9090 | 9090 488b | 9424 c001 | 0000 4c8b | 8424 c801 | 0000 4c8b | 8c24 0001 
  0x000001e932644e50: 0000 488b 

  0x000001e932644e54: ;   {static_call}
  0x000001e932644e54: f866 90e8 

  0x000001e932644e58: ; ImmutableOopMap {[208]=Oop [256]=Oop [272]=Oop [424]=Oop [432]=Oop [440]=Oop }
                      ;*invokedynamic {reexecute=0 rethrow=0 return_oop=0}
                      ; - org.springframework.beans.factory.support.AbstractBeanFactory::doGetBean@434 (line 326)
  0x000001e932644e58: 24aa 7bff 

  0x000001e932644e5c: ;   {other}
  0x000001e932644e5c: 0fff 00a9 | 4c1c 003e | 4c8b 8424 | b801 0000 | 4c8b 8c24 | 0001 0000 | 488b f848 | 8bb4 24a8 
  0x000001e932644e7c: 0100 0048 | 8b94 24b0 

  0x000001e932644e84: ;   {optimized virtual_call}
  0x000001e932644e84: 0100 00e8 

  0x000001e932644e88: ; ImmutableOopMap {[208]=Oop [256]=Oop [272]=Oop [432]=Oop }
                      ;*invokespecial <init> {reexecute=0 rethrow=0 return_oop=0}
                      ; - org.springframework.beans.factory.support.AbstractBeanFactory::doGetBean@441 (line 326)
  0x000001e932644e88: f49f 7bff 

  0x000001e932644e8c: ;   {other}
  0x000001e932644e8c: 0fff 00a9 | 7c1c 003f | 488b 8424 

  0x000001e932644e98: ; ImmutableOopMap {rax=Oop [208]=Oop [256]=Oop [272]=Oop }
                      ;*athrow {reexecute=1 rethrow=0 return_oop=0}
                      ; - (reexecute) org.springframework.beans.factory.support.AbstractBeanFactory::doGetBean@444 (line 326)
  0x000001e932644e98: b001 0000 

  0x000001e932644e9c: ;   {section_word}
  0x000001e932644e9c: 48ba 9c4e | 6432 e901 

  0x000001e932644ea4: ;   {runtime_call handle_exception_nofpu Runtime1 stub}
  0x000001e932644ea4: 0000 e855 

  0x000001e932644ea8: ; ImmutableOopMap {rax=Oop [208]=Oop [256]=Oop [272]=Oop }
                      ;*athrow {reexecute=1 rethrow=0 return_oop=0}
                      ; - (reexecute) org.springframework.beans.factory.support.AbstractBeanFactory::doGetBean@447 (line 328)
  0x000001e932644ea8: 5f87 ff90 

  0x000001e932644eac: ;   {section_word}
  0x000001e932644eac: 48ba ac4e | 6432 e901 

  0x000001e932644eb4: ;   {runtime_call handle_exception_nofpu Runtime1 stub}
  0x000001e932644eb4: 0000 e845 | 5f87 ff90 | 488b d666 | 0f1f 4400 | 0048 b8ff | ffff ffff 

  0x000001e932644ecc: ;   {virtual_call}
  0x000001e932644ecc: ffff ffe8 

  0x000001e932644ed0: ; ImmutableOopMap {[208]=Oop [256]=Oop [272]=Oop [280]=Oop [464]=Oop }
                      ;*invokeinterface getDescription {reexecute=0 rethrow=0 return_oop=0}
                      ; - org.springframework.beans.factory.support.AbstractBeanDefinition::getResourceDescription@11 (line 1152)
                      ; - org.springframework.beans.factory.support.AbstractBeanFactory::doGetBean@337 (line 308)
  0x000001e932644ed0: aca4 7bff 

  0x000001e932644ed4: ;   {other}
  0x000001e932644ed4: 0fff 00a9 | c41c 0042 | e90a 0000 

  0x000001e932644ee0: ;   {oop(nullptr)}
  0x000001e932644ee0: 0048 b800 | 0000 0000 | 0000 0048 | 8984 24d8 | 0100 000f | 1f44 0000 

  0x000001e932644ef8: ;   {no_reloc}
  0x000001e932644ef8: e965 0c00 | 0090 9090 | 9090 488b | 9424 0001 | 0000 4c8b | 8424 1801 | 0000 0f1f 

  0x000001e932644f14: ;   {static_call}
  0x000001e932644f14: 4400 00e8 

  0x000001e932644f18: ; ImmutableOopMap {[208]=Oop [256]=Oop [272]=Oop [464]=Oop [472]=Oop }
                      ;*invokedynamic {reexecute=0 rethrow=0 return_oop=0}
                      ; - org.springframework.beans.factory.support.AbstractBeanFactory::doGetBean@346 (line 308)
  0x000001e932644f18: 64a9 7bff 

  0x000001e932644f1c: ;   {other}
  0x000001e932644f1c: 0fff 00a9 | 0c1d 0043 | 4c8b 8424 | d801 0000 | 4c8b 8c24 | 0001 0000 | 488b f848 | 8b94 24d0 
  0x000001e932644f3c: ;   {optimized virtual_call}
  0x000001e932644f3c: 0100 00e8 

  0x000001e932644f40: ; ImmutableOopMap {[208]=Oop [256]=Oop [272]=Oop [464]=Oop }
                      ;*invokespecial <init> {reexecute=0 rethrow=0 return_oop=0}
                      ; - org.springframework.beans.factory.support.AbstractBeanFactory::doGetBean@351 (line 308)
  0x000001e932644f40: 3c9f 7bff 

  0x000001e932644f44: ;   {other}
  0x000001e932644f44: 0fff 00a9 | 341d 0044 | 488b 8424 

  0x000001e932644f50: ; ImmutableOopMap {rax=Oop [208]=Oop [256]=Oop [272]=Oop }
                      ;*athrow {reexecute=1 rethrow=0 return_oop=0}
                      ; - (reexecute) org.springframework.beans.factory.support.AbstractBeanFactory::doGetBean@354 (line 308)
  0x000001e932644f50: d001 0000 

  0x000001e932644f54: ;   {section_word}
  0x000001e932644f54: 48ba 544f | 6432 e901 

  0x000001e932644f5c: ;   {runtime_call handle_exception_nofpu Runtime1 stub}
  0x000001e932644f5c: 0000 e89d | 5e87 ff90 

  0x000001e932644f64: ;   {metadata('java/lang/IllegalStateException')}
  0x000001e932644f64: 48ba 58e6 | 0341 e901 | 0000 498b | 87b8 0100 | 0048 8d78 | 2849 3bbf | c801 0000 | 0f87 e60b 
  0x000001e932644f84: 0000 4989 | bfb8 0100 | 0048 c700 | 0100 0000 | 488b ca49 | ba00 0000 | 40e9 0100 | 0049 2bca 
  0x000001e932644fa4: 8948 0848 | 33c9 8948 | 0c48 33c9 | 4889 4810 | 4889 4818 | 4889 4820 | 0f1f 4000 

  0x000001e932644fc0: ;   {no_reloc}
  0x000001e932644fc0: e9c3 0b00 | 0090 9090 | 9090 488b | 9424 5001 | 0000 4889 | 8424 e001 | 0000 0f1f 

  0x000001e932644fdc: ;   {static_call}
  0x000001e932644fdc: 4400 00e8 

  0x000001e932644fe0: ; ImmutableOopMap {[208]=Oop [256]=Oop [272]=Oop [480]=Oop }
                      ;*invokedynamic {reexecute=0 rethrow=0 return_oop=0}
                      ; - org.springframework.beans.factory.support.AbstractBeanFactory::doGetBean@618 (line 370)
  0x000001e932644fe0: 9ca8 7bff 

  0x000001e932644fe4: ;   {other}
  0x000001e932644fe4: 0fff 00a9 | d41d 0046 | 4c8b c048 | 8b94 24e0 

  0x000001e932644ff4: ;   {optimized virtual_call}
  0x000001e932644ff4: 0100 00e8 

  0x000001e932644ff8: ; ImmutableOopMap {[208]=Oop [256]=Oop [272]=Oop [480]=Oop }
                      ;*invokespecial <init> {reexecute=0 rethrow=0 return_oop=0}
                      ; - org.springframework.beans.factory.support.AbstractBeanFactory::doGetBean@623 (line 370)
  0x000001e932644ff8: 849e 7bff 

  0x000001e932644ffc: ;   {other}
  0x000001e932644ffc: 0fff 00a9 | ec1d 0047 | 488b 8424 

  0x000001e932645008: ; ImmutableOopMap {rax=Oop [208]=Oop [256]=Oop [272]=Oop }
                      ;*athrow {reexecute=1 rethrow=0 return_oop=0}
                      ; - (reexecute) org.springframework.beans.factory.support.AbstractBeanFactory::doGetBean@626 (line 370)
  0x000001e932645008: e001 0000 

  0x000001e93264500c: ;   {section_word}
  0x000001e93264500c: 48ba 0c50 | 6432 e901 

  0x000001e932645014: ;   {runtime_call handle_exception_nofpu Runtime1 stub}
  0x000001e932645014: 0000 e8e5 | 5d87 ff90 

  0x000001e93264501c: ;   {metadata('java/lang/IllegalStateException')}
  0x000001e93264501c: 48ba 58e6 | 0341 e901 | 0000 498b | 87b8 0100 | 0048 8d78 | 2849 3bbf | c801 0000 | 0f87 540b 
  0x000001e93264503c: 0000 4989 | bfb8 0100 | 0048 c700 | 0100 0000 | 488b ca49 | ba00 0000 | 40e9 0100 | 0049 2bca 
  0x000001e93264505c: 8948 0848 | 33c9 8948 | 0c48 33c9 | 4889 4810 | 4889 4818 | 4889 4820 | 0f1f 4000 

  0x000001e932645078: ;   {no_reloc}
  0x000001e932645078: e931 0b00 | 0090 9090 | 9090 488b | 9424 0001 | 0000 4889 | 8424 e801 | 0000 0f1f 

  0x000001e932645094: ;   {static_call}
  0x000001e932645094: 4400 00e8 

  0x000001e932645098: ; ImmutableOopMap {[208]=Oop [256]=Oop [272]=Oop [488]=Oop }
                      ;*invokedynamic {reexecute=0 rethrow=0 return_oop=0}
                      ; - org.springframework.beans.factory.support.AbstractBeanFactory::doGetBean@582 (line 366)
  0x000001e932645098: e4a7 7bff 

  0x000001e93264509c: ;   {other}
  0x000001e93264509c: 0fff 00a9 | 8c1e 0049 | 4c8b c048 | 8b94 24e8 

  0x000001e9326450ac: ;   {optimized virtual_call}
  0x000001e9326450ac: 0100 00e8 

  0x000001e9326450b0: ; ImmutableOopMap {[208]=Oop [256]=Oop [272]=Oop [488]=Oop }
                      ;*invokespecial <init> {reexecute=0 rethrow=0 return_oop=0}
                      ; - org.springframework.beans.factory.support.AbstractBeanFactory::doGetBean@587 (line 366)
  0x000001e9326450b0: cc9d 7bff 

  0x000001e9326450b4: ;   {other}
  0x000001e9326450b4: 0fff 00a9 | a41e 004a | 488b 8424 

  0x000001e9326450c0: ; ImmutableOopMap {rax=Oop [208]=Oop [256]=Oop [272]=Oop }
                      ;*athrow {reexecute=1 rethrow=0 return_oop=0}
                      ; - (reexecute) org.springframework.beans.factory.support.AbstractBeanFactory::doGetBean@590 (line 366)
  0x000001e9326450c0: e801 0000 

  0x000001e9326450c4: ;   {section_word}
  0x000001e9326450c4: 48ba c450 | 6432 e901 

  0x000001e9326450cc: ;   {runtime_call handle_exception_nofpu Runtime1 stub}
  0x000001e9326450cc: 0000 e82d | 5d87 ff90 

  0x000001e9326450d4: ;   {metadata('org/springframework/beans/factory/BeanIsAbstractException')}
  0x000001e9326450d4: 48ba 706d | 2141 e901 | 0000 80ba | 3101 0000 | 040f 85d2 | 0a00 0049 | 8b87 b801 | 0000 488d 
  0x000001e9326450f4: 7830 493b | bfc8 0100 | 000f 87ba | 0a00 0049 | 89bf b801 | 0000 48c7 | 0001 0000 | 0048 8bca 
  0x000001e932645114: 49ba 0000 | 0040 e901 | 0000 492b | ca89 4808 | 4833 c989 | 480c 4833 | c948 8948 | 1048 8948 
  0x000001e932645134: 1848 8948 | 2048 8948 | 284c 8b84 | 2400 0100 | 0048 8bd0 | 4889 8424 | f001 0000 | 0f1f 8000 
  0x000001e932645154: ;   {optimized virtual_call}
  0x000001e932645154: 0000 00e8 

  0x000001e932645158: ; ImmutableOopMap {[208]=Oop [216]=Oop [232]=Oop [240]=Oop [256]=Oop [272]=Oop [304]=Oop [496]=Oop }
                      ;*invokespecial <init> {reexecute=0 rethrow=0 return_oop=0}
                      ; - org.springframework.beans.factory.support.AbstractBeanFactory::checkMergedBeanDefinition@12 (line 1498)
                      ; - org.springframework.beans.factory.support.AbstractBeanFactory::doGetBean@279 (line 301)
  0x000001e932645158: 249d 7bff 

  0x000001e93264515c: ;   {other}
  0x000001e93264515c: 0fff 00a9 | 4c1f 004c | 488b 8424 

  0x000001e932645168: ; ImmutableOopMap {rax=Oop [208]=Oop [216]=Oop [232]=Oop [240]=Oop [256]=Oop [272]=Oop [304]=Oop }
                      ;*athrow {reexecute=1 rethrow=0 return_oop=0}
                      ; - (reexecute) org.springframework.beans.factory.support.AbstractBeanFactory::checkMergedBeanDefinition@15 (line 1498)
                      ; - org.springframework.beans.factory.support.AbstractBeanFactory::doGetBean@279 (line 301)
  0x000001e932645168: f001 0000 

  0x000001e93264516c: ;   {section_word}
  0x000001e93264516c: 48ba 6c51 | 6432 e901 

  0x000001e932645174: ;   {runtime_call handle_exception_nofpu Runtime1 stub}
  0x000001e932645174: 0000 e885 | 5c87 ff90 

  0x000001e93264517c: ;   {metadata('java/lang/NullPointerException')}
  0x000001e93264517c: 48ba 70b4 | 0640 e901 | 0000 498b | 87b8 0100 | 0048 8d78 | 3049 3bbf | c801 0000 | 0f87 2c0a 
  0x000001e93264519c: 0000 4989 | bfb8 0100 | 0048 c700 | 0100 0000 | 488b ca49 | ba00 0000 | 40e9 0100 | 0049 2bca 
  0x000001e9326451bc: 8948 0848 | 33c9 8948 | 0c48 33c9 | 4889 4810 | 4889 4818 | 4889 4820 | 4889 4828 | 488b d048 
  0x000001e9326451dc: 8984 24f8 | 0100 000f 

  0x000001e9326451e4: ;   {optimized virtual_call}
  0x000001e9326451e4: 1f40 00e8 

  0x000001e9326451e8: ; ImmutableOopMap {[208]=Oop [216]=Oop [232]=Oop [240]=Oop [256]=Oop [272]=Oop [504]=Oop }
                      ;*invokespecial <init> {reexecute=0 rethrow=0 return_oop=0}
                      ; - java.util.Objects::requireNonNull@8 (line 233)
                      ; - org.springframework.beans.factory.support.AbstractBeanFactory::doGetBean@250 (line 298)
  0x000001e9326451e8: 949c 7bff 

  0x000001e9326451ec: ;   {other}
  0x000001e9326451ec: 0fff 00a9 | dc1f 004e | 488b 8424 

  0x000001e9326451f8: ; ImmutableOopMap {rax=Oop [208]=Oop [216]=Oop [232]=Oop [240]=Oop [256]=Oop [272]=Oop }
                      ;*athrow {reexecute=1 rethrow=0 return_oop=0}
                      ; - (reexecute) java.util.Objects::requireNonNull@11 (line 233)
                      ; - org.springframework.beans.factory.support.AbstractBeanFactory::doGetBean@250 (line 298)
  0x000001e9326451f8: f801 0000 

  0x000001e9326451fc: ;   {section_word}
  0x000001e9326451fc: 48ba fc51 | 6432 e901 

  0x000001e932645204: ;   {runtime_call handle_exception_nofpu Runtime1 stub}
  0x000001e932645204: 0000 e8f5 | 5b87 ff90 | 4889 8424 | 0001 0000 

  0x000001e932645214: ;   {metadata('java/lang/IllegalArgumentException')}
  0x000001e932645214: 48ba c09a | 0640 e901 | 0000 498b | 87b8 0100 | 0048 8d78 | 2849 3bbf | c801 0000 | 0f87 a109 
  0x000001e932645234: 0000 4989 | bfb8 0100 | 0048 c700 | 0100 0000 | 488b ca49 | ba00 0000 | 40e9 0100 | 0049 2bca 
  0x000001e932645254: 8948 0848 | 33c9 8948 | 0c48 33c9 | 4889 4810 | 4889 4818 | 4889 4820 

  0x000001e93264526c: ;   {oop("Bean name must not be null"{0x00000006846dc3b0})}
  0x000001e93264526c: 49b8 b0c3 | 6d84 0600 | 0000 488b | d048 8984 | 2400 0200 | 0066 0f1f 

  0x000001e932645284: ;   {optimized virtual_call}
  0x000001e932645284: 4400 00e8 

  0x000001e932645288: ; ImmutableOopMap {[208]=Oop [216]=Oop [232]=Oop [240]=Oop [256]=Oop [264]=Oop [512]=Oop }
                      ;*invokespecial <init> {reexecute=0 rethrow=0 return_oop=0}
                      ; - org.springframework.util.Assert::notNull@9 (line 172)
                      ; - org.springframework.beans.factory.support.DefaultListableBeanFactory::containsBeanDefinition@3 (line 366)
                      ; - org.springframework.beans.factory.support.AbstractBeanFactory::doGetBean@128 (line 271)
  0x000001e932645288: f49b 7bff 

  0x000001e93264528c: ;   {other}
  0x000001e93264528c: 0fff 00a9 | 7c20 0050 | 488b 8424 | 0002 0000 | e9b2 0a00 

  0x000001e9326452a0: ;   {metadata('org/springframework/beans/factory/BeanCurrentlyInCreationException')}
  0x000001e9326452a0: 0048 ba00 | 5a21 41e9 | 0100 0080 | ba31 0100 | 0004 0f85 | 3109 0000 | 498b 87b8 | 0100 0048 
  0x000001e9326452c0: 8d78 3049 | 3bbf c801 | 0000 0f87 | 1909 0000 | 4989 bfb8 | 0100 0048 | c700 0100 | 0000 488b 
  0x000001e9326452e0: ca49 ba00 | 0000 40e9 | 0100 0049 | 2bca 8948 | 0848 33c9 | 8948 0c48 | 33c9 4889 | 4810 4889 
  0x000001e932645300: 4818 4889 | 4820 4889 | 4828 4c8b | 8424 0001 | 0000 488b | d048 8984 | 2408 0200 

  0x000001e93264531c: ;   {optimized virtual_call}
  0x000001e93264531c: 0066 90e8 

  0x000001e932645320: ; ImmutableOopMap {[520]=Oop }
                      ;*invokespecial <init> {reexecute=0 rethrow=0 return_oop=0}
                      ; - org.springframework.beans.factory.support.AbstractBeanFactory::doGetBean@110 (line 266)
  0x000001e932645320: 5c9b 7bff 

  0x000001e932645324: ;   {other}
  0x000001e932645324: 0fff 00a9 | 1421 0051 | 488b 8424 | 0802 0000 | e91a 0a00 | 0049 8b87 | 0005 0000 | 4d33 d24d 
  0x000001e932645344: 8997 0005 | 0000 4d33 | d24d 8997 | 0805 0000 

  0x000001e932645354: ;   {metadata('org/springframework/beans/factory/support/ScopeNotActiveException')}
  0x000001e932645354: 488b d848 | ba48 6821 | 41e9 0100 | 0080 ba31 | 0100 0004 | 0f85 8d08 | 0000 498b | 87b8 0100 
  0x000001e932645374: 0048 8d78 | 3049 3bbf | c801 0000 | 0f87 7508 | 0000 4989 | bfb8 0100 | 0048 c700 | 0100 0000 
  0x000001e932645394: 488b ca49 | ba00 0000 | 40e9 0100 | 0049 2bca | 8948 0848 | 33c9 8948 | 0c48 33c9 | 4889 4810 
  0x000001e9326453b4: 4889 4818 | 4889 4820 | 4889 4828 | 4c8b 8424 | 0001 0000 | 488b fb48 | 8bd0 4889 | 8424 1002 
  0x000001e9326453d4: ;   {optimized virtual_call}
  0x000001e9326453d4: 0000 90e8 

  0x000001e9326453d8: ; ImmutableOopMap {[208]=Oop [256]=Oop [272]=Oop [528]=Oop }
                      ;*invokespecial <init> {reexecute=0 rethrow=0 return_oop=0}
                      ; - org.springframework.beans.factory.support.AbstractBeanFactory::doGetBean@677 (line 385)
  0x000001e9326453d8: a49a 7bff 

  0x000001e9326453dc: ;   {other}
  0x000001e9326453dc: 0fff 00a9 | cc21 0052 | 488b 8424 

  0x000001e9326453e8: ; ImmutableOopMap {rax=Oop [208]=Oop [256]=Oop [272]=Oop }
                      ;*athrow {reexecute=1 rethrow=0 return_oop=0}
                      ; - (reexecute) org.springframework.beans.factory.support.AbstractBeanFactory::doGetBean@680 (line 385)
  0x000001e9326453e8: 1002 0000 

  0x000001e9326453ec: ;   {section_word}
  0x000001e9326453ec: 48ba ec53 | 6432 e901 

  0x000001e9326453f4: ;   {runtime_call handle_exception_nofpu Runtime1 stub}
  0x000001e9326453f4: 0000 e805 | 5a87 ff90 | 498b 8700 | 0500 004d | 33d2 4d89 | 9700 0500 | 004d 33d2 | 4d89 9708 
  0x000001e932645414: 0500 004c | 8b84 2400 | 0100 0048 | 8b94 24d0 | 0000 0048 | 8984 2418 

  0x000001e93264542c: ;   {optimized virtual_call}
  0x000001e93264542c: 0200 00e8 

  0x000001e932645430: ; ImmutableOopMap {[208]=Oop [256]=Oop [272]=Oop [536]=Oop }
                      ;*invokevirtual afterPrototypeCreation {reexecute=0 rethrow=0 return_oop=0}
                      ; - org.springframework.beans.factory.support.AbstractBeanFactory::doGetBean@539 (line 358)
  0x000001e932645430: 4c9a 7bff 

  0x000001e932645434: ;   {other}
  0x000001e932645434: 0fff 00a9 | 2422 0054 | 488b 8424 

  0x000001e932645440: ; ImmutableOopMap {rax=Oop [208]=Oop [256]=Oop [272]=Oop }
                      ;*athrow {reexecute=1 rethrow=0 return_oop=0}
                      ; - (reexecute) org.springframework.beans.factory.support.AbstractBeanFactory::doGetBean@544 (line 359)
  0x000001e932645440: 1802 0000 

  0x000001e932645444: ;   {section_word}
  0x000001e932645444: 48ba 4454 | 6432 e901 

  0x000001e93264544c: ;   {runtime_call handle_exception_nofpu Runtime1 stub}
  0x000001e93264544c: 0000 e8ad | 5987 ff90 | 448b 9c24 | 2001 0000 | 488b 9c24 | 2801 0000 | 488b bc24 | d800 0000 
  0x000001e93264546c: 4c8b 8c24 | e800 0000 | 4c8b 8424 | f000 0000 | 498b 8700 | 0500 004d | 33d2 4d89 | 9700 0500 
  0x000001e93264548c: 004d 33d2 | 4d89 9708 | 0500 0048 | 8bd0 488d | 8424 3802 | 0000 4c8b | 304d 85f6 | 0f84 0f00 
  0x000001e9326454ac: 0000 488b | 7008 f04c | 0fb1 360f | 854b 0700 | 0049 ff8f | 5005 0000 

  0x000001e9326454c4: ; ImmutableOopMap {r13=Oop rbx=Oop r9=Oop r8=Oop rdi=Oop rax=Oop [208]=Oop [216]=Oop [232]=Oop [240]=Oop [256]=Oop [272]=Oop [296]=Oop [304]=Oop }
                      ;*athrow {reexecute=1 rethrow=0 return_oop=0}
                      ; - (reexecute) org.springframework.beans.factory.support.DefaultSingletonBeanRegistry::isDependent@23 (line 441)
                      ; - org.springframework.beans.factory.support.AbstractBeanFactory::doGetBean@325 (line 307)
                      ;   {section_word}
  0x000001e9326454c4: 488b c248 | bac7 5464 | 32e9 0100 

  0x000001e9326454d0: ;   {runtime_call handle_exception_nofpu Runtime1 stub}
  0x000001e9326454d0: 00e8 2a59 | 87ff 9049 | 8b87 0005 | 0000 4d33 | d24d 8997 | 0005 0000 | 4d33 d24d | 8997 0805 
  0x000001e9326454f0: 0000 8b50 | 0849 ba00 | 0000 40e9 | 0100 0049 | 03d2 488b | 5270 488b | 1248 3b02 | 4889 8424 
  0x000001e932645510: 2002 0000 

  0x000001e932645514: ;   {optimized virtual_call}
  0x000001e932645514: 6666 90e8 

  0x000001e932645518: ; ImmutableOopMap {[208]=Oop [256]=Oop [272]=Oop [544]=Oop }
                      ;*invokevirtual toString {reexecute=0 rethrow=0 return_oop=0}
                      ; - org.springframework.beans.factory.support.AbstractBeanFactory::doGetBean@716 (line 390)
  0x000001e932645518: 350c 0000 

  0x000001e93264551c: ;   {other}
  0x000001e93264551c: 0fff 00a9 | 0c23 0057 | 488b 8424 | 1001 0000 | 4885 c00f | 8429 0000 

  0x000001e932645534: ;   {metadata('org/springframework/core/metrics/DefaultApplicationStartup$DefaultStartupStep')}
  0x000001e932645534: 0048 bb78 | 0e11 41e9 | 0100 008b | 7808 49ba | 0000 0040 | e901 0000 | 4903 fa48 | 3b5f 380f 
  0x000001e932645554: 85ca 0600 | 00e9 0000 | 0000 488b | d048 8b94 | 2420 0200 | 000f 1f40 | 0048 b820 | ef2b 90e9 
  0x000001e932645574: ;   {virtual_call}
  0x000001e932645574: 0100 00e8 

  0x000001e932645578: ; ImmutableOopMap {[208]=Oop [256]=Oop [272]=Oop [544]=Oop }
                      ;*invokevirtual getMessage {reexecute=0 rethrow=0 return_oop=0}
                      ; - org.springframework.beans.factory.support.AbstractBeanFactory::doGetBean@732 (line 391)
  0x000001e932645578: b5e8 7bff 

  0x000001e93264557c: ;   {other}
  0x000001e93264557c: 0fff 00a9 | 6c23 0058 | 4885 c00f | 850f 0000 

  0x000001e93264558c: ;   {oop("null"{0x0000000683c8ab28})}
  0x000001e93264558c: 0048 b828 | abc8 8306 | 0000 00e9 | 0300 0000 

  0x000001e93264559c: ; implicit exception: dispatches to 0x000001e932645c28
  0x000001e93264559c: 483b 0048 | 8b84 2410 | 0100 0048 | 8b94 24d0 | 0000 0048 | 85c0 0f84 | 2900 0000 

  0x000001e9326455b8: ;   {metadata('org/springframework/core/metrics/DefaultApplicationStartup$DefaultStartupStep')}
  0x000001e9326455b8: 48bb 780e | 1141 e901 | 0000 8b78 | 0849 ba00 | 0000 40e9 | 0100 0049 | 03fa 483b | 5f38 0f85 
  0x000001e9326455d8: 5106 0000 | e900 0000 | 004c 8bc0 | 8b72 7c48 | c1e6 034c | 8d84 2438 | 0200 0049 | 8970 0848 
  0x000001e9326455f8: 8b06 4883 | c801 4989 | 00f0 4c0f | b106 0f84 | 1200 0000 | 482b c448 | 2507 f0ff | ff49 8900 
  0x000001e932645618: 0f85 1906 | 0000 49ff | 8750 0500 | 008b 9a80 | 0000 0048 | c1e3 034c | 8b84 2400 | 0100 0048 
  0x000001e932645638: 8bd3 4889 | b424 2802 | 0000 6666 | 9048 b8f8 | 221d 40e9 

  0x000001e93264564c: ;   {virtual_call}
  0x000001e93264564c: 0100 00e8 

  0x000001e932645650: ; ImmutableOopMap {[208]=Oop [256]=Oop [272]=Oop [544]=Oop [552]=Oop [576]=Oop }
                      ;*invokeinterface remove {reexecute=0 rethrow=0 return_oop=0}
                      ; - org.springframework.beans.factory.support.AbstractBeanFactory::cleanupAfterBeanCreationFailure@12 (line 1779)
                      ; - org.springframework.beans.factory.support.AbstractBeanFactory::doGetBean@747 (line 392)
  0x000001e932645650: ecfa c2ff 

  0x000001e932645654: ;   {other}
  0x000001e932645654: 0fff 00a9 | 4424 0059 | 488d 8424 | 3802 0000 | 488b 1048 | 85d2 0f84 | 0f00 0000 | 4c8b 4008 
  0x000001e932645674: f049 0fb1 | 100f 85cb | 0500 0049 | ff8f 5005 | 0000 488b | 8424 2002 

  0x000001e93264568c: ; ImmutableOopMap {rax=Oop [208]=Oop [256]=Oop [272]=Oop [544]=Oop }
                      ;*athrow {reexecute=1 rethrow=0 return_oop=0}
                      ; - (reexecute) org.springframework.beans.factory.support.AbstractBeanFactory::doGetBean@752 (line 393)
                      ;   {section_word}
  0x000001e93264568c: 0000 48ba | 8e56 6432 | e901 0000 

  0x000001e932645698: ;   {runtime_call handle_exception_nofpu Runtime1 stub}
  0x000001e932645698: e863 5787 | ff90 498b | 8700 0500 | 004d 33d2 | 4d89 9700 | 0500 004d | 33d2 4d89 | 9708 0500 
  0x000001e9326456b8: 0048 8bd0 | 488d 8424 | 3802 0000 | 488b 3048 | 85f6 0f84 | 0f00 0000 | 488b 7808 | f048 0fb1 
  0x000001e9326456d8: 370f 8581 | 0500 0049 | ff8f 5005 | 0000 488b 

  0x000001e9326456e8: ; ImmutableOopMap {r8=Oop rax=Oop [208]=Oop [256]=Oop [272]=Oop }
                      ;*athrow {reexecute=1 rethrow=0 return_oop=0}
                      ; - (reexecute) org.springframework.beans.factory.support.AbstractBeanFactory::cleanupAfterBeanCreationFailure@27 (line 1780)
                      ; - org.springframework.beans.factory.support.AbstractBeanFactory::doGetBean@747 (line 392)
                      ;   {section_word}
  0x000001e9326456e8: c248 bae9 | 5664 32e9 

  0x000001e9326456f0: ;   {runtime_call handle_exception_nofpu Runtime1 stub}
  0x000001e9326456f0: 0100 00e8 | 0857 87ff | 904c 8b84 | 2410 0100 | 0048 8b94 | 24d0 0000 | 0049 8b87 | 0005 0000 
  0x000001e932645710: 4d33 d24d | 8997 0005 | 0000 4d33 | d24d 8997 | 0805 0000 | 4d85 c00f | 842a 0000 

  0x000001e93264572c: ;   {metadata('org/springframework/core/metrics/DefaultApplicationStartup$DefaultStartupStep')}
  0x000001e93264572c: 0048 bb78 | 0e11 41e9 | 0100 0041 | 8b78 0849 | ba00 0000 | 40e9 0100 | 0049 03fa | 483b 5f38 
  0x000001e93264574c: 0f85 2405 | 0000 e900 | 0000 0044 | 0fbe 4215 | 4183 e001 | 4585 c00f | 85c3 0000 | 0048 8984 
  0x000001e93264576c: 2430 0200 | 008b 727c | 48c1 e603 | 4c8b 8424 | 0001 0000 | 488b d666 | 9048 b8ff | ffff ffff 
  0x000001e93264578c: ;   {virtual_call}
  0x000001e93264578c: ffff ffe8 

  0x000001e932645790: ; ImmutableOopMap {[208]=Oop [256]=Oop [560]=Oop }
                      ;*invokeinterface get {reexecute=0 rethrow=0 return_oop=0}
                      ; - org.springframework.beans.factory.support.AbstractBeanFactory::clearMergedBeanDefinition@5 (line 1508)
                      ; - org.springframework.beans.factory.support.DefaultListableBeanFactory::clearMergedBeanDefinition@2 (line 910)
                      ; - org.springframework.beans.factory.support.AbstractBeanFactory::doGetBean@772 (line 398)
  0x000001e932645790: ec9b 7bff 

  0x000001e932645794: ;   {other}
  0x000001e932645794: 0fff 00a9 | 8425 005c | 4885 c00f | 8429 0000 

  0x000001e9326457a4: ;   {metadata('org/springframework/beans/factory/support/RootBeanDefinition')}
  0x000001e9326457a4: 0048 bfe8 | 9c21 41e9 | 0100 008b | 7008 49ba | 0000 0040 | e901 0000 | 4903 f248 | 3b7e 500f 
  0x000001e9326457c4: 85b2 0400 | 00e9 0000 | 0000 4c8b | c04d 85c0 | 0f84 0f00 | 0000 ba01 | 0000 0041 | 8850 64f0 
  0x000001e9326457e4: 8344 24c0 | 0048 8b84 | 2400 0100 | 0048 8b94 | 24d0 0000 | 008b 92c0 | 0000 0048 | c1e2 034c 
  0x000001e932645804: 8bc0 0f1f | 8000 0000 | 0048 b8ff | ffff ffff 

  0x000001e932645814: ;   {virtual_call}
  0x000001e932645814: ffff ffe8 

  0x000001e932645818: ; ImmutableOopMap {[560]=Oop }
                      ;*invokeinterface remove {reexecute=0 rethrow=0 return_oop=0}
                      ; - org.springframework.beans.factory.support.DefaultListableBeanFactory::clearMergedBeanDefinition@10 (line 911)
                      ; - org.springframework.beans.factory.support.AbstractBeanFactory::doGetBean@772 (line 398)
  0x000001e932645818: 649b 7bff 

  0x000001e93264581c: ;   {other}
  0x000001e93264581c: 0fff 00a9 | 0c26 005d | 488b 8424 | 3002 0000 | e922 0500 | 0048 8904 

  0x000001e932645834: ;   {runtime_call throw_class_cast_exception Runtime1 stub}
  0x000001e932645834: 24e8 e667 

  0x000001e932645838: ; ImmutableOopMap {[208]=Oop [216]=Oop [232]=Oop [240]=Oop [248]=Oop }
                      ;*checkcast {reexecute=0 rethrow=0 return_oop=0}
                      ; - org.springframework.core.SimpleAliasRegistry::canonicalName@12 (line 216)
                      ; - org.springframework.beans.factory.support.AbstractBeanFactory::transformedBeanName@5 (line 1277)
                      ; - org.springframework.beans.factory.support.AbstractBeanFactory::doGetBean@2 (line 244)
                      ;   {runtime_call throw_incompatible_class_change_error Runtime1 stub}
  0x000001e932645838: 87ff e8e1 

  0x000001e93264583c: ; ImmutableOopMap {rax=Oop [208]=Oop [216]=Oop [232]=Oop [240]=Oop [256]=Oop [272]=Oop }
                      ;*invokeinterface tag {reexecute=0 rethrow=0 return_oop=0}
                      ; - org.springframework.beans.factory.support.AbstractBeanFactory::doGetBean@233 (line 295)
                      ;   {runtime_call throw_null_pointer_exception Runtime1 stub}
  0x000001e93264583c: 6a87 ffe8 

  0x000001e932645840: ; ImmutableOopMap {rax=Oop [208]=Oop [216]=Oop [232]=Oop [240]=Oop [256]=Oop [272]=Oop }
                      ;*invokeinterface tag {reexecute=0 rethrow=0 return_oop=0}
                      ; - org.springframework.beans.factory.support.AbstractBeanFactory::doGetBean@233 (line 295)
  0x000001e932645840: dc0e 87ff 

  0x000001e932645844: ; implicit exception: dispatches to 0x000001e932645c89
  0x000001e932645844: 448b 400c | 49c1 e003 | 4983 f800 | 0f84 3ce4 | ffff 4c89 

  0x000001e932645858: ;   {runtime_call g1_pre_barrier_slow}
  0x000001e932645858: 0424 e8a1 | bb87 ffe9 | 2ee4 ffff 

  0x000001e932645864: ;   {runtime_call throw_null_pointer_exception Runtime1 stub}
  0x000001e932645864: e8b7 0e87 

  0x000001e932645868: ; ImmutableOopMap {rax=Oop r9=Oop [208]=Oop [216]=Oop [232]=Oop [240]=Oop [256]=Oop [272]=Oop }
                      ;*invokestatic linkToSpecial {reexecute=0 rethrow=0 return_oop=0}
                      ; - java.lang.invoke.DirectMethodHandle$Holder::newInvokeSpecial@16
                      ; - java.lang.invoke.Invokers$Holder::linkToTargetMethod@5
                      ; - org.springframework.beans.factory.support.AbstractBeanFactory::doGetBean@254 (line 298)
  0x000001e932645868: ff49 83f9 | 000f 8446 | e4ff ff48 

  0x000001e932645874: ;   {runtime_call g1_post_barrier_slow}
  0x000001e932645874: 8904 24e8 | 84be 87ff | e938 e4ff 

  0x000001e932645880: ;   {runtime_call throw_incompatible_class_change_error Runtime1 stub}
  0x000001e932645880: ffe8 9a6a 

  0x000001e932645884: ; ImmutableOopMap {r9=Oop rax=Oop [208]=Oop [216]=Oop [232]=Oop [240]=Oop [256]=Oop [272]=Oop }
                      ;*invokeinterface tag {reexecute=0 rethrow=0 return_oop=0}
                      ; - org.springframework.beans.factory.support.AbstractBeanFactory::doGetBean@259 (line 298)
                      ;   {runtime_call throw_null_pointer_exception Runtime1 stub}
  0x000001e932645884: 87ff e895 

  0x000001e932645888: ; ImmutableOopMap {rax=Oop [208]=Oop [216]=Oop [232]=Oop [240]=Oop [256]=Oop [272]=Oop [304]=Oop }
                      ;*invokevirtual isAbstract {reexecute=0 rethrow=0 return_oop=0}
                      ; - org.springframework.beans.factory.support.AbstractBeanFactory::checkMergedBeanDefinition@1 (line 1497)
                      ; - org.springframework.beans.factory.support.AbstractBeanFactory::doGetBean@279 (line 301)
                      ;   {runtime_call throw_null_pointer_exception Runtime1 stub}
  0x000001e932645888: 0e87 ffe8 

  0x000001e93264588c: ; ImmutableOopMap {rax=Oop rsi=Oop [208]=Oop [216]=Oop [232]=Oop [240]=Oop [256]=Oop [272]=Oop [296]=Oop [304]=Oop }
                      ;*arraylength {reexecute=0 rethrow=0 return_oop=0}
                      ; - org.springframework.beans.factory.support.AbstractBeanFactory::doGetBean@300 (line 306)
  0x000001e93264588c: 900e 87ff 

  0x000001e932645890: ;   {runtime_call throw_null_pointer_exception Runtime1 stub}
  0x000001e932645890: e88b 0e87 

  0x000001e932645894: ; ImmutableOopMap {rsi=Oop rdx=Oop r13=Oop r14=Oop rdi=Oop [208]=Oop [216]=Oop [232]=Oop [240]=Oop [272]=Oop [296]=Oop [304]=Oop }
                      ;*monitorenter {reexecute=0 rethrow=0 return_oop=0}
                      ; - org.springframework.beans.factory.support.DefaultSingletonBeanRegistry::isDependent@6 (line 439)
                      ; - org.springframework.beans.factory.support.AbstractBeanFactory::doGetBean@325 (line 307)
  0x000001e932645894: ff4c 8974 | 2408 4c89 

  0x000001e93264589c: ;   {runtime_call monitorenter_nofpu Runtime1 stub}
  0x000001e93264589c: 0424 e85d 

  0x000001e9326458a0: ; ImmutableOopMap {rsi=Oop rdx=Oop r13=Oop r14=Oop rdi=Oop [208]=Oop [216]=Oop [232]=Oop [240]=Oop [272]=Oop [296]=Oop [304]=Oop [576]=Oop }
                      ;*monitorenter {reexecute=0 rethrow=0 return_oop=0}
                      ; - org.springframework.beans.factory.support.DefaultSingletonBeanRegistry::isDependent@6 (line 439)
                      ; - org.springframework.beans.factory.support.AbstractBeanFactory::doGetBean@325 (line 307)
  0x000001e9326458a0: 7a87 ffe9 | 09e5 ffff | 488d 8424 | 3802 0000 | 4889 0424 

  0x000001e9326458b4: ;   {runtime_call monitorexit_nofpu Runtime1 stub}
  0x000001e9326458b4: e8c7 8087 | ffe9 6be5 | ffff 448b | 400c 49c1 | e003 4983 | f800 0f84 | c2e6 ffff | 4c89 0424 
  0x000001e9326458d4: ;   {runtime_call g1_pre_barrier_slow}
  0x000001e9326458d4: e827 bb87 | ffe9 b4e6 

  0x000001e9326458dc: ;   {runtime_call throw_null_pointer_exception Runtime1 stub}
  0x000001e9326458dc: ffff e83d 

  0x000001e9326458e0: ; ImmutableOopMap {rax=Oop rdx=Oop [208]=Oop [216]=Oop [232]=Oop [240]=Oop [256]=Oop [272]=Oop [304]=Oop }
                      ;*invokestatic linkToSpecial {reexecute=0 rethrow=0 return_oop=0}
                      ; - java.lang.invoke.LambdaForm$DMH/0x000001e941139000::newInvokeSpecial@24
                      ; - java.lang.invoke.Invokers$Holder::linkToTargetMethod@9
                      ; - org.springframework.beans.factory.support.AbstractBeanFactory::doGetBean@471 (line 335)
  0x000001e9326458e0: 0e87 ff48 | 83fa 000f | 84cc e6ff | ff48 8904 

  0x000001e9326458f0: ;   {runtime_call g1_post_barrier_slow}
  0x000001e9326458f0: 24e8 0abe | 87ff e9be | e6ff ff44 | 8b40 1049 | c1e0 0349 | 83f8 000f | 84ba e6ff | ff4c 8904 
  0x000001e932645910: ;   {runtime_call g1_pre_barrier_slow}
  0x000001e932645910: 24e8 eaba | 87ff e9ac | e6ff ff48 | 83fe 000f | 84c9 e6ff | ff48 8904 

  0x000001e932645928: ;   {runtime_call g1_post_barrier_slow}
  0x000001e932645928: 24e8 d2bd | 87ff e9bb | e6ff ff44 | 8b40 1449 | c1e0 0349 | 83f8 000f | 84b7 e6ff | ff4c 8904 
  0x000001e932645948: ;   {runtime_call g1_pre_barrier_slow}
  0x000001e932645948: 24e8 b2ba | 87ff e9a9 | e6ff ff48 | 83ff 000f | 84c6 e6ff | ff48 8904 

  0x000001e932645960: ;   {runtime_call g1_post_barrier_slow}
  0x000001e932645960: 24e8 9abd | 87ff e9b8 | e6ff ff44 | 8b40 1849 | c1e0 0349 | 83f8 000f | 84b4 e6ff | ff4c 8904 
  0x000001e932645980: ;   {runtime_call g1_pre_barrier_slow}
  0x000001e932645980: 24e8 7aba | 87ff e9a6 | e6ff ff48 | 83fb 000f | 84c3 e6ff | ff48 8904 

  0x000001e932645998: ;   {runtime_call g1_post_barrier_slow}
  0x000001e932645998: 24e8 62bd | 87ff e9b5 

  0x000001e9326459a0: ;   {runtime_call throw_null_pointer_exception Runtime1 stub}
  0x000001e9326459a0: e6ff ffe8 

  0x000001e9326459a4: ; ImmutableOopMap {rax=Oop rdx=Oop rsi=Oop [208]=Oop [232]=Oop [240]=Oop [256]=Oop [272]=Oop [304]=Oop }
                      ;*invokevirtual get {reexecute=0 rethrow=0 return_oop=0}
                      ; - org.springframework.beans.factory.support.AbstractAutowireCapableBeanFactory::getObjectForBeanInstance@4 (line 1291)
                      ; - org.springframework.beans.factory.support.AbstractBeanFactory::doGetBean@489 (line 347)
  0x000001e9326459a4: 780d 87ff | 4889 0424 

  0x000001e9326459ac: ;   {runtime_call throw_class_cast_exception Runtime1 stub}
  0x000001e9326459ac: e86f 6687 

  0x000001e9326459b0: ; ImmutableOopMap {[208]=Oop [232]=Oop [240]=Oop [256]=Oop [272]=Oop [304]=Oop [320]=Oop }
                      ;*checkcast {reexecute=0 rethrow=0 return_oop=0}
                      ; - org.springframework.beans.factory.support.AbstractAutowireCapableBeanFactory::getObjectForBeanInstance@7 (line 1291)
                      ; - org.springframework.beans.factory.support.AbstractBeanFactory::doGetBean@489 (line 347)
                      ;   {runtime_call throw_null_pointer_exception Runtime1 stub}
  0x000001e9326459b0: ffe8 6a0d 

  0x000001e9326459b4: ; ImmutableOopMap {rdx=Oop rsi=Oop [208]=Oop [232]=Oop [240]=Oop [256]=Oop [272]=Oop [304]=Oop [328]=Oop }
                      ;*invokevirtual get {reexecute=0 rethrow=0 return_oop=0}
                      ; - org.springframework.beans.factory.support.AbstractAutowireCapableBeanFactory::getObjectForBeanInstance@4 (line 1291)
                      ; - org.springframework.beans.factory.support.AbstractBeanFactory::doGetBean@553 (line 360)
  0x000001e9326459b4: 87ff 4889 

  0x000001e9326459b8: ;   {runtime_call throw_class_cast_exception Runtime1 stub}
  0x000001e9326459b8: 0424 e861 

  0x000001e9326459bc: ; ImmutableOopMap {[208]=Oop [232]=Oop [240]=Oop [256]=Oop [272]=Oop [304]=Oop [328]=Oop }
                      ;*checkcast {reexecute=0 rethrow=0 return_oop=0}
                      ; - org.springframework.beans.factory.support.AbstractAutowireCapableBeanFactory::getObjectForBeanInstance@7 (line 1291)
                      ; - org.springframework.beans.factory.support.AbstractBeanFactory::doGetBean@553 (line 360)
                      ;   {runtime_call throw_null_pointer_exception Runtime1 stub}
  0x000001e9326459bc: 6687 ffe8 

  0x000001e9326459c0: ; ImmutableOopMap {rax=Oop rsi=Oop [208]=Oop [216]=Oop [232]=Oop [240]=Oop [256]=Oop [272]=Oop [304]=Oop }
                      ;*invokevirtual isEmpty {reexecute=0 rethrow=0 return_oop=0}
                      ; - org.springframework.util.StringUtils::hasLength@5 (line 142)
                      ; - org.springframework.beans.factory.support.AbstractBeanFactory::doGetBean@570 (line 365)
  0x000001e9326459c0: 5c0d 87ff 

  0x000001e9326459c4: ;   {runtime_call throw_null_pointer_exception Runtime1 stub}
  0x000001e9326459c4: e857 0d87 

  0x000001e9326459c8: ; ImmutableOopMap {rax=Oop rsi=Oop [208]=Oop [216]=Oop [232]=Oop [240]=Oop [256]=Oop [272]=Oop [304]=Oop }
                      ;*arraylength {reexecute=0 rethrow=0 return_oop=0}
                      ; - java.lang.String::isEmpty@4 (line 1521)
                      ; - org.springframework.util.StringUtils::hasLength@5 (line 142)
                      ; - org.springframework.beans.factory.support.AbstractBeanFactory::doGetBean@570 (line 365)
  0x000001e9326459c8: ff48 8904 

  0x000001e9326459cc: ;   {runtime_call throw_class_cast_exception Runtime1 stub}
  0x000001e9326459cc: 24e8 4e66 

  0x000001e9326459d0: ; ImmutableOopMap {[208]=Oop [216]=Oop [232]=Oop [240]=Oop [256]=Oop [272]=Oop [304]=Oop [336]=Oop }
                      ;*checkcast {reexecute=0 rethrow=0 return_oop=0}
                      ; - org.springframework.beans.factory.support.AbstractBeanFactory::doGetBean@602 (line 368)
  0x000001e9326459d0: 87ff 48be | 0000 0000 | 0000 0000 | b800 0f05 

  0x000001e9326459e0: ;   {runtime_call load_appendix_patching Runtime1 stub}
  0x000001e9326459e0: 0ae8 9a9e 

  0x000001e9326459e4: ; ImmutableOopMap {rdx=Oop [208]=Oop [216]=Oop [232]=Oop [240]=Oop [256]=Oop [272]=Oop [304]=Oop [336]=Oop [344]=Oop }
                      ;*invokedynamic {reexecute=1 rethrow=0 return_oop=0}
                      ; - (reexecute) org.springframework.beans.factory.support.AbstractBeanFactory::doGetBean@637 (line 373)
  0x000001e9326459e4: 87ff e9f5 

  0x000001e9326459e8: ;   {runtime_call throw_null_pointer_exception Runtime1 stub}
  0x000001e9326459e8: e9ff ffe8 

  0x000001e9326459ec: ; ImmutableOopMap {rax=Oop rdx=Oop rsi=Oop [208]=Oop [232]=Oop [240]=Oop [256]=Oop [272]=Oop [304]=Oop [336]=Oop }
                      ;*invokevirtual get {reexecute=0 rethrow=0 return_oop=0}
                      ; - org.springframework.beans.factory.support.AbstractAutowireCapableBeanFactory::getObjectForBeanInstance@4 (line 1291)
                      ; - org.springframework.beans.factory.support.AbstractBeanFactory::doGetBean@657 (line 382)
  0x000001e9326459ec: 300d 87ff | 4889 0424 

  0x000001e9326459f4: ;   {runtime_call throw_class_cast_exception Runtime1 stub}
  0x000001e9326459f4: e827 6687 

  0x000001e9326459f8: ; ImmutableOopMap {[208]=Oop [232]=Oop [240]=Oop [256]=Oop [272]=Oop [304]=Oop [336]=Oop [352]=Oop }
                      ;*checkcast {reexecute=0 rethrow=0 return_oop=0}
                      ; - org.springframework.beans.factory.support.AbstractAutowireCapableBeanFactory::getObjectForBeanInstance@7 (line 1291)
                      ; - org.springframework.beans.factory.support.AbstractBeanFactory::doGetBean@657 (line 382)
                      ;   {runtime_call throw_incompatible_class_change_error Runtime1 stub}
  0x000001e9326459f8: ffe8 2269 

  0x000001e9326459fc: ; ImmutableOopMap {rax=Oop rdx=Oop [208]=Oop [232]=Oop [240]=Oop [256]=Oop }
                      ;*invokeinterface end {reexecute=0 rethrow=0 return_oop=0}
                      ; - org.springframework.beans.factory.support.AbstractBeanFactory::doGetBean@683 (line 396)
  0x000001e9326459fc: 87ff 4889 

  0x000001e932645a00: ;   {runtime_call throw_class_cast_exception Runtime1 stub}
  0x000001e932645a00: 0424 e819 

  0x000001e932645a04: ; ImmutableOopMap {[208]=Oop [232]=Oop [240]=Oop [256]=Oop [360]=Oop }
                      ;*checkcast {reexecute=0 rethrow=0 return_oop=0}
                      ; - org.springframework.beans.factory.support.AbstractBeanFactory::clearMergedBeanDefinition@10 (line 1508)
                      ; - org.springframework.beans.factory.support.DefaultListableBeanFactory::clearMergedBeanDefinition@2 (line 910)
                      ; - org.springframework.beans.factory.support.AbstractBeanFactory::doGetBean@698 (line 398)
                      ;   {runtime_call throw_null_pointer_exception Runtime1 stub}
  0x000001e932645a04: 6687 ffe8 

  0x000001e932645a08: ; ImmutableOopMap {[208]=Oop [232]=Oop [240]=Oop [256]=Oop [360]=Oop }
                      ;*putfield stale {reexecute=1 rethrow=0 return_oop=0}
                      ; - (reexecute) org.springframework.beans.factory.support.AbstractBeanFactory::clearMergedBeanDefinition@20 (line 1510)
                      ; - org.springframework.beans.factory.support.DefaultListableBeanFactory::clearMergedBeanDefinition@2 (line 910)
                      ; - org.springframework.beans.factory.support.AbstractBeanFactory::doGetBean@698 (line 398)
  0x000001e932645a08: 140d 87ff 

  0x000001e932645a0c: ;   {runtime_call throw_null_pointer_exception Runtime1 stub}
  0x000001e932645a0c: e80f 0d87 

  0x000001e932645a10: ; ImmutableOopMap {rbx=Oop r9=Oop [208]=Oop [256]=Oop [272]=Oop [280]=Oop [304]=Oop }
                      ;*new {reexecute=0 rethrow=0 return_oop=0}
                      ; - org.springframework.beans.factory.support.AbstractBeanFactory::doGetBean@331 (line 308)
  0x000001e932645a10: ff48 8bd2 

  0x000001e932645a14: ;   {runtime_call fast_new_instance_init_check Runtime1 stub}
  0x000001e932645a14: e8e7 2f87 

  0x000001e932645a18: ; ImmutableOopMap {rbx=Oop r9=Oop [208]=Oop [256]=Oop [272]=Oop [280]=Oop [304]=Oop }
                      ;*new {reexecute=0 rethrow=0 return_oop=0}
                      ; - org.springframework.beans.factory.support.AbstractBeanFactory::doGetBean@331 (line 308)
  0x000001e932645a18: ffe9 54ec 

  0x000001e932645a1c: ;   {runtime_call throw_null_pointer_exception Runtime1 stub}
  0x000001e932645a1c: ffff e8fd 

  0x000001e932645a20: ; ImmutableOopMap {rax=Oop r8=Oop [216]=Oop [232]=Oop [240]=Oop [264]=Oop }
                      ;*invokevirtual startsWith {reexecute=0 rethrow=0 return_oop=0}
                      ; - org.springframework.beans.factory.support.AbstractBeanFactory::originalBeanName@10 (line 1287)
                      ; - org.springframework.beans.factory.support.AbstractBeanFactory::doGetBean@136 (line 273)
  0x000001e932645a20: 0c87 ff49 | b800 0000 | 0000 0000 | 00b8 000f 

  0x000001e932645a30: ;   {runtime_call load_appendix_patching Runtime1 stub}
  0x000001e932645a30: 050a e849 

  0x000001e932645a34: ; ImmutableOopMap {rax=Oop [216]=Oop [232]=Oop [264]=Oop }
                      ;*invokedynamic {reexecute=1 rethrow=0 return_oop=0}
                      ; - (reexecute) org.springframework.beans.factory.support.AbstractBeanFactory::originalBeanName@17 (line 1288)
                      ; - org.springframework.beans.factory.support.AbstractBeanFactory::doGetBean@136 (line 273)
  0x000001e932645a34: 9e87 ffe9 | d4ec ffff | 49b8 0000 | 0000 0000 | 0000 b800 

  0x000001e932645a48: ;   {runtime_call load_appendix_patching Runtime1 stub}
  0x000001e932645a48: 0f05 0ae8 

  0x000001e932645a4c: ; ImmutableOopMap {rdx=Oop rsi=Oop [208]=Oop [232]=Oop [240]=Oop [256]=Oop [376]=Oop }
                      ;*invokedynamic {reexecute=1 rethrow=0 return_oop=0}
                      ; - (reexecute) org.springframework.beans.factory.support.AbstractBeanFactory::doGetBean@51 (line 252)
  0x000001e932645a4c: 309e 87ff | e9e3 edff | ff49 b800 | 0000 0000 | 0000 00b8 | 000f 050a 

  0x000001e932645a64: ;   {runtime_call load_appendix_patching Runtime1 stub}
  0x000001e932645a64: e817 9e87 

  0x000001e932645a68: ; ImmutableOopMap {rdx=Oop rsi=Oop [208]=Oop [232]=Oop [240]=Oop [256]=Oop [376]=Oop }
                      ;*invokedynamic {reexecute=1 rethrow=0 return_oop=0}
                      ; - (reexecute) org.springframework.beans.factory.support.AbstractBeanFactory::doGetBean@70 (line 256)
  0x000001e932645a68: ffe9 2aee 

  0x000001e932645a6c: ;   {runtime_call throw_null_pointer_exception Runtime1 stub}
  0x000001e932645a6c: ffff e8ad 

  0x000001e932645a70: ; ImmutableOopMap {rdx=Oop rsi=Oop [208]=Oop [232]=Oop [240]=Oop [256]=Oop [376]=Oop }
                      ;*invokevirtual get {reexecute=0 rethrow=0 return_oop=0}
                      ; - org.springframework.beans.factory.support.AbstractAutowireCapableBeanFactory::getObjectForBeanInstance@4 (line 1291)
                      ; - org.springframework.beans.factory.support.AbstractBeanFactory::doGetBean@87 (line 259)
  0x000001e932645a70: 0c87 ff48 

  0x000001e932645a74: ;   {runtime_call throw_class_cast_exception Runtime1 stub}
  0x000001e932645a74: 8904 24e8 

  0x000001e932645a78: ; ImmutableOopMap {[208]=Oop [232]=Oop [240]=Oop [256]=Oop [376]=Oop }
                      ;*checkcast {reexecute=0 rethrow=0 return_oop=0}
                      ; - org.springframework.beans.factory.support.AbstractAutowireCapableBeanFactory::getObjectForBeanInstance@7 (line 1291)
                      ; - org.springframework.beans.factory.support.AbstractBeanFactory::doGetBean@87 (line 259)
  0x000001e932645a78: a465 87ff 

  0x000001e932645a7c: ;   {runtime_call throw_null_pointer_exception Runtime1 stub}
  0x000001e932645a7c: e89f 0c87 

  0x000001e932645a80: ; ImmutableOopMap {r9=Oop rbx=Oop r11=Oop [208]=Oop [232]=Oop [256]=Oop [272]=Oop [304]=Oop [424]=Oop }
                      ;*new {reexecute=0 rethrow=0 return_oop=0}
                      ; - org.springframework.beans.factory.support.AbstractBeanFactory::doGetBean@407 (line 323)
  0x000001e932645a80: ff48 8bd2 

  0x000001e932645a84: ;   {runtime_call fast_new_instance_init_check Runtime1 stub}
  0x000001e932645a84: e877 2f87 

  0x000001e932645a88: ; ImmutableOopMap {r9=Oop rbx=Oop r11=Oop [208]=Oop [232]=Oop [256]=Oop [272]=Oop [304]=Oop [424]=Oop }
                      ;*new {reexecute=0 rethrow=0 return_oop=0}
                      ; - org.springframework.beans.factory.support.AbstractBeanFactory::doGetBean@407 (line 323)
  0x000001e932645a88: ffe9 a0ef 

  0x000001e932645a8c: ;   {runtime_call throw_null_pointer_exception Runtime1 stub}
  0x000001e932645a8c: ffff e88d 

  0x000001e932645a90: ; ImmutableOopMap {rbx=Oop r9=Oop [208]=Oop [256]=Oop [272]=Oop [280]=Oop [304]=Oop [400]=Oop }
                      ;*new {reexecute=0 rethrow=0 return_oop=0}
                      ; - org.springframework.beans.factory.support.AbstractBeanFactory::doGetBean@375 (line 316)
  0x000001e932645a90: 0c87 ff48 

  0x000001e932645a94: ;   {runtime_call fast_new_instance_init_check Runtime1 stub}
  0x000001e932645a94: 8bd2 e865 

  0x000001e932645a98: ; ImmutableOopMap {rbx=Oop r9=Oop [208]=Oop [256]=Oop [272]=Oop [280]=Oop [304]=Oop [400]=Oop }
                      ;*new {reexecute=0 rethrow=0 return_oop=0}
                      ; - org.springframework.beans.factory.support.AbstractBeanFactory::doGetBean@375 (line 316)
  0x000001e932645a98: 2f87 ffe9 | 48f0 ffff 

  0x000001e932645aa0: ;   {internal_word}
  0x000001e932645aa0: 49ba 744b | 6432 e901 | 0000 4d89 | 9768 0400 

  0x000001e932645ab0: ;   {runtime_call SafepointBlob}
  0x000001e932645ab0: 00e9 ca0e 

  0x000001e932645ab4: ;   {internal_word}
  0x000001e932645ab4: 7cff 49ba | a44b 6432 | e901 0000 | 4d89 9768 

  0x000001e932645ac4: ;   {runtime_call SafepointBlob}
  0x000001e932645ac4: 0400 00e9 | b40e 7cff 

  0x000001e932645acc: ;   {internal_word}
  0x000001e932645acc: 49ba dc4b | 6432 e901 | 0000 4d89 | 9768 0400 

  0x000001e932645adc: ;   {runtime_call SafepointBlob}
  0x000001e932645adc: 00e9 9e0e | 7cff 4889 

  0x000001e932645ae4: ;   {runtime_call throw_class_cast_exception Runtime1 stub}
  0x000001e932645ae4: 3424 e835 

  0x000001e932645ae8: ; ImmutableOopMap {rax=Oop rdi=Oop [216]=Oop [232]=Oop }
                      ;*checkcast {reexecute=0 rethrow=0 return_oop=0}
                      ; - org.springframework.beans.factory.support.AbstractBeanFactory::doGetBean@151 (line 274)
                      ;   {runtime_call throw_null_pointer_exception Runtime1 stub}
  0x000001e932645ae8: 6587 ffe8 

  0x000001e932645aec: ; ImmutableOopMap {rax=Oop rdi=Oop rdx=Oop [216]=Oop [232]=Oop }
                      ;*invokevirtual doGetBean {reexecute=0 rethrow=0 return_oop=0}
                      ; - org.springframework.beans.factory.support.AbstractBeanFactory::doGetBean@164 (line 275)
  0x000001e932645aec: 300c 87ff 

  0x000001e932645af0: ;   {internal_word}
  0x000001e932645af0: 49ba 4c4c | 6432 e901 | 0000 4d89 | 9768 0400 

  0x000001e932645b00: ;   {runtime_call SafepointBlob}
  0x000001e932645b00: 00e9 7a0e 

  0x000001e932645b04: ;   {internal_word}
  0x000001e932645b04: 7cff 49ba | cc4c 6432 | e901 0000 | 4d89 9768 

  0x000001e932645b14: ;   {runtime_call SafepointBlob}
  0x000001e932645b14: 0400 00e9 | 640e 7cff | 49b9 0000 | 0000 0000 | 0000 b800 

  0x000001e932645b28: ;   {runtime_call load_appendix_patching Runtime1 stub}
  0x000001e932645b28: 0f05 0ae8 

  0x000001e932645b2c: ; ImmutableOopMap {[208]=Oop [256]=Oop [272]=Oop [280]=Oop [400]=Oop [408]=Oop [416]=Oop }
                      ;*invokedynamic {reexecute=1 rethrow=0 return_oop=0}
                      ; - (reexecute) org.springframework.beans.factory.support.AbstractBeanFactory::doGetBean@390 (line 316)
  0x000001e932645b2c: 509d 87ff | e9db f1ff 

  0x000001e932645b34: ;   {runtime_call throw_null_pointer_exception Runtime1 stub}
  0x000001e932645b34: ffe8 e60b 

  0x000001e932645b38: ; ImmutableOopMap {rax=Oop r9=Oop [208]=Oop [232]=Oop [256]=Oop [272]=Oop [424]=Oop [432]=Oop [440]=Oop }
                      ;*invokevirtual getSimpleName {reexecute=0 rethrow=0 return_oop=0}
                      ; - org.springframework.beans.factory.support.AbstractBeanFactory::doGetBean@424 (line 325)
  0x000001e932645b38: 87ff 48be | 0000 0000 | 0000 0000 | b800 0f05 

  0x000001e932645b48: ;   {runtime_call load_appendix_patching Runtime1 stub}
  0x000001e932645b48: 0ae8 329d 

  0x000001e932645b4c: ; ImmutableOopMap {rax=Oop [208]=Oop [256]=Oop [272]=Oop [424]=Oop [432]=Oop [440]=Oop [448]=Oop [456]=Oop }
                      ;*invokedynamic {reexecute=1 rethrow=0 return_oop=0}
                      ; - (reexecute) org.springframework.beans.factory.support.AbstractBeanFactory::doGetBean@434 (line 326)
  0x000001e932645b4c: 87ff e9dd | f2ff ff49 | b900 0000 | 0000 0000 | 00b8 000f 

  0x000001e932645b60: ;   {runtime_call load_appendix_patching Runtime1 stub}
  0x000001e932645b60: 050a e819 

  0x000001e932645b64: ; ImmutableOopMap {[208]=Oop [256]=Oop [272]=Oop [280]=Oop [464]=Oop [472]=Oop }
                      ;*invokedynamic {reexecute=1 rethrow=0 return_oop=0}
                      ; - (reexecute) org.springframework.beans.factory.support.AbstractBeanFactory::doGetBean@346 (line 308)
  0x000001e932645b64: 9d87 ffe9 | 8cf3 ffff 

  0x000001e932645b6c: ;   {runtime_call fast_new_instance Runtime1 stub}
  0x000001e932645b6c: 488b d2e8 

  0x000001e932645b70: ; ImmutableOopMap {[208]=Oop [256]=Oop [272]=Oop [336]=Oop }
                      ;*new {reexecute=0 rethrow=0 return_oop=0}
                      ; - org.springframework.beans.factory.support.AbstractBeanFactory::doGetBean@612 (line 370)
  0x000001e932645b70: 8c2a 87ff | e943 f4ff | ff49 b800 | 0000 0000 | 0000 00b8 | 000f 050a 

  0x000001e932645b88: ;   {runtime_call load_appendix_patching Runtime1 stub}
  0x000001e932645b88: e8f3 9c87 

  0x000001e932645b8c: ; ImmutableOopMap {rax=Oop [208]=Oop [256]=Oop [272]=Oop [336]=Oop }
                      ;*invokedynamic {reexecute=1 rethrow=0 return_oop=0}
                      ; - (reexecute) org.springframework.beans.factory.support.AbstractBeanFactory::doGetBean@618 (line 370)
  0x000001e932645b8c: ffe9 2ef4 | ffff 488b 

  0x000001e932645b94: ;   {runtime_call fast_new_instance Runtime1 stub}
  0x000001e932645b94: d2e8 662a 

  0x000001e932645b98: ; ImmutableOopMap {[208]=Oop [256]=Oop [272]=Oop }
                      ;*new {reexecute=0 rethrow=0 return_oop=0}
                      ; - org.springframework.beans.factory.support.AbstractBeanFactory::doGetBean@576 (line 366)
  0x000001e932645b98: 87ff e9d5 | f4ff ff49 | b800 0000 | 0000 0000 | 00b8 000f 

  0x000001e932645bac: ;   {runtime_call load_appendix_patching Runtime1 stub}
  0x000001e932645bac: 050a e8cd 

  0x000001e932645bb0: ; ImmutableOopMap {rax=Oop [208]=Oop [256]=Oop [272]=Oop }
                      ;*invokedynamic {reexecute=1 rethrow=0 return_oop=0}
                      ; - (reexecute) org.springframework.beans.factory.support.AbstractBeanFactory::doGetBean@582 (line 366)
  0x000001e932645bb0: 9c87 ffe9 | c0f4 ffff 

  0x000001e932645bb8: ;   {runtime_call throw_null_pointer_exception Runtime1 stub}
  0x000001e932645bb8: e863 0b87 

  0x000001e932645bbc: ; ImmutableOopMap {[208]=Oop [216]=Oop [232]=Oop [240]=Oop [256]=Oop [272]=Oop [304]=Oop }
                      ;*new {reexecute=0 rethrow=0 return_oop=0}
                      ; - org.springframework.beans.factory.support.AbstractBeanFactory::checkMergedBeanDefinition@7 (line 1498)
                      ; - org.springframework.beans.factory.support.AbstractBeanFactory::doGetBean@279 (line 301)
  0x000001e932645bbc: ff48 8bd2 

  0x000001e932645bc0: ;   {runtime_call fast_new_instance_init_check Runtime1 stub}
  0x000001e932645bc0: e83b 2e87 

  0x000001e932645bc4: ; ImmutableOopMap {[208]=Oop [216]=Oop [232]=Oop [240]=Oop [256]=Oop [272]=Oop [304]=Oop }
                      ;*new {reexecute=0 rethrow=0 return_oop=0}
                      ; - org.springframework.beans.factory.support.AbstractBeanFactory::checkMergedBeanDefinition@7 (line 1498)
                      ; - org.springframework.beans.factory.support.AbstractBeanFactory::doGetBean@279 (line 301)
  0x000001e932645bc4: ffe9 73f5 | ffff 488b 

  0x000001e932645bcc: ;   {runtime_call fast_new_instance Runtime1 stub}
  0x000001e932645bcc: d2e8 2e2a 

  0x000001e932645bd0: ; ImmutableOopMap {[208]=Oop [216]=Oop [232]=Oop [240]=Oop [256]=Oop [272]=Oop }
                      ;*new {reexecute=0 rethrow=0 return_oop=0}
                      ; - java.util.Objects::requireNonNull@4 (line 233)
                      ; - org.springframework.beans.factory.support.AbstractBeanFactory::doGetBean@250 (line 298)
  0x000001e932645bd0: 87ff e901 | f6ff ff48 

  0x000001e932645bd8: ;   {runtime_call fast_new_instance Runtime1 stub}
  0x000001e932645bd8: 8bd2 e821 

  0x000001e932645bdc: ; ImmutableOopMap {[208]=Oop [216]=Oop [232]=Oop [240]=Oop [256]=Oop [264]=Oop }
                      ;*new {reexecute=0 rethrow=0 return_oop=0}
                      ; - org.springframework.util.Assert::notNull@4 (line 172)
                      ; - org.springframework.beans.factory.support.DefaultListableBeanFactory::containsBeanDefinition@3 (line 366)
                      ; - org.springframework.beans.factory.support.AbstractBeanFactory::doGetBean@128 (line 271)
  0x000001e932645bdc: 2a87 ffe9 | 88f6 ffff 

  0x000001e932645be4: ;   {runtime_call throw_null_pointer_exception Runtime1 stub}
  0x000001e932645be4: e837 0b87 

  0x000001e932645be8: ; ImmutableOopMap {[256]=Oop }
                      ;*new {reexecute=0 rethrow=0 return_oop=0}
                      ; - org.springframework.beans.factory.support.AbstractBeanFactory::doGetBean@104 (line 266)
  0x000001e932645be8: ff48 8bd2 

  0x000001e932645bec: ;   {runtime_call fast_new_instance_init_check Runtime1 stub}
  0x000001e932645bec: e80f 2e87 

  0x000001e932645bf0: ; ImmutableOopMap {[256]=Oop }
                      ;*new {reexecute=0 rethrow=0 return_oop=0}
                      ; - org.springframework.beans.factory.support.AbstractBeanFactory::doGetBean@104 (line 266)
  0x000001e932645bf0: ffe9 14f7 

  0x000001e932645bf4: ;   {runtime_call throw_null_pointer_exception Runtime1 stub}
  0x000001e932645bf4: ffff e825 

  0x000001e932645bf8: ; ImmutableOopMap {r9=Oop rbx=Oop [208]=Oop [256]=Oop [272]=Oop }
                      ;*new {reexecute=0 rethrow=0 return_oop=0}
                      ; - org.springframework.beans.factory.support.AbstractBeanFactory::doGetBean@667 (line 385)
  0x000001e932645bf8: 0b87 ff48 

  0x000001e932645bfc: ;   {runtime_call fast_new_instance_init_check Runtime1 stub}
  0x000001e932645bfc: 8bd2 e8fd 

  0x000001e932645c00: ; ImmutableOopMap {r9=Oop rbx=Oop [208]=Oop [256]=Oop [272]=Oop }
                      ;*new {reexecute=0 rethrow=0 return_oop=0}
                      ; - org.springframework.beans.factory.support.AbstractBeanFactory::doGetBean@667 (line 385)
  0x000001e932645c00: 2d87 ffe9 | b8f7 ffff | 488d 8424 | 3802 0000 | 4889 0424 

  0x000001e932645c14: ;   {runtime_call monitorexit_nofpu Runtime1 stub}
  0x000001e932645c14: e867 7d87 | ffe9 a6f8 

  0x000001e932645c1c: ;   {runtime_call throw_null_pointer_exception Runtime1 stub}
  0x000001e932645c1c: ffff e8fd 

  0x000001e932645c20: ; ImmutableOopMap {rax=Oop rdx=Oop [208]=Oop [256]=Oop [272]=Oop }
                      ;*invokevirtual toString {reexecute=0 rethrow=0 return_oop=0}
                      ; - org.springframework.beans.factory.support.AbstractBeanFactory::doGetBean@716 (line 390)
                      ;   {runtime_call throw_incompatible_class_change_error Runtime1 stub}
  0x000001e932645c20: 0a87 ffe8 

  0x000001e932645c24: ; ImmutableOopMap {rax=Oop [208]=Oop [256]=Oop [272]=Oop [544]=Oop }
                      ;*invokeinterface tag {reexecute=0 rethrow=0 return_oop=0}
                      ; - org.springframework.beans.factory.support.AbstractBeanFactory::doGetBean@719 (line 390)
  0x000001e932645c24: f866 87ff 

  0x000001e932645c28: ;   {runtime_call throw_null_pointer_exception Runtime1 stub}
  0x000001e932645c28: e8f3 0a87 

  0x000001e932645c2c: ; ImmutableOopMap {rax=Oop [208]=Oop [256]=Oop [272]=Oop [544]=Oop }
                      ;*invokevirtual toString {reexecute=0 rethrow=0 return_oop=0}
                      ; - java.lang.String::valueOf@11 (line 4454)
                      ; - org.springframework.beans.factory.support.AbstractBeanFactory::doGetBean@735 (line 391)
                      ;   {runtime_call throw_incompatible_class_change_error Runtime1 stub}
  0x000001e932645c2c: ffe8 ee66 

  0x000001e932645c30: ; ImmutableOopMap {rdx=Oop rax=Oop [208]=Oop [256]=Oop [272]=Oop [544]=Oop }
                      ;*invokeinterface tag {reexecute=0 rethrow=0 return_oop=0}
                      ; - org.springframework.beans.factory.support.AbstractBeanFactory::doGetBean@738 (line 391)
                      ;   {runtime_call throw_null_pointer_exception Runtime1 stub}
  0x000001e932645c30: 87ff e8e9 

  0x000001e932645c34: ; ImmutableOopMap {rdx=Oop rsi=Oop [208]=Oop [256]=Oop [272]=Oop [544]=Oop }
                      ;*monitorenter {reexecute=0 rethrow=0 return_oop=0}
                      ; - org.springframework.beans.factory.support.AbstractBeanFactory::cleanupAfterBeanCreationFailure@6 (line 1778)
                      ; - org.springframework.beans.factory.support.AbstractBeanFactory::doGetBean@747 (line 392)
  0x000001e932645c34: 0a87 ff48 | 8974 2408 | 4c89 0424 

  0x000001e932645c40: ;   {runtime_call monitorenter_nofpu Runtime1 stub}
  0x000001e932645c40: e8bb 7687 

  0x000001e932645c44: ; ImmutableOopMap {rdx=Oop rsi=Oop [208]=Oop [256]=Oop [272]=Oop [544]=Oop [576]=Oop }
                      ;*monitorenter {reexecute=0 rethrow=0 return_oop=0}
                      ; - org.springframework.beans.factory.support.AbstractBeanFactory::cleanupAfterBeanCreationFailure@6 (line 1778)
                      ; - org.springframework.beans.factory.support.AbstractBeanFactory::doGetBean@747 (line 392)
  0x000001e932645c44: ffe9 dbf9 | ffff 488d | 8424 3802 | 0000 4889 

  0x000001e932645c54: ;   {runtime_call monitorexit_nofpu Runtime1 stub}
  0x000001e932645c54: 0424 e825 | 7d87 ffe9 | 26fa ffff | 488d 8424 | 3802 0000 | 4889 0424 

  0x000001e932645c6c: ;   {runtime_call monitorexit_nofpu Runtime1 stub}
  0x000001e932645c6c: e80f 7d87 | ffe9 70fa 

  0x000001e932645c74: ;   {runtime_call throw_incompatible_class_change_error Runtime1 stub}
  0x000001e932645c74: ffff e8a5 

  0x000001e932645c78: ; ImmutableOopMap {rdx=Oop rax=Oop [208]=Oop [256]=Oop }
                      ;*invokeinterface end {reexecute=0 rethrow=0 return_oop=0}
                      ; - org.springframework.beans.factory.support.AbstractBeanFactory::doGetBean@757 (line 396)
  0x000001e932645c78: 6687 ff48 

  0x000001e932645c7c: ;   {runtime_call throw_class_cast_exception Runtime1 stub}
  0x000001e932645c7c: 8904 24e8 

  0x000001e932645c80: ; ImmutableOopMap {[208]=Oop [256]=Oop [560]=Oop }
                      ;*checkcast {reexecute=0 rethrow=0 return_oop=0}
                      ; - org.springframework.beans.factory.support.AbstractBeanFactory::clearMergedBeanDefinition@10 (line 1508)
                      ; - org.springframework.beans.factory.support.DefaultListableBeanFactory::clearMergedBeanDefinition@2 (line 910)
                      ; - org.springframework.beans.factory.support.AbstractBeanFactory::doGetBean@772 (line 398)
  0x000001e932645c80: 9c63 87ff 

  0x000001e932645c84: ;   {runtime_call throw_null_pointer_exception Runtime1 stub}
  0x000001e932645c84: e897 0a87 

  0x000001e932645c88: ; ImmutableOopMap {[208]=Oop [256]=Oop [560]=Oop }
                      ;*putfield stale {reexecute=1 rethrow=0 return_oop=0}
                      ; - (reexecute) org.springframework.beans.factory.support.AbstractBeanFactory::clearMergedBeanDefinition@20 (line 1510)
                      ; - org.springframework.beans.factory.support.DefaultListableBeanFactory::clearMergedBeanDefinition@2 (line 910)
                      ; - org.springframework.beans.factory.support.AbstractBeanFactory::doGetBean@772 (line 398)
                      ;   {runtime_call throw_null_pointer_exception Runtime1 stub}
  0x000001e932645c88: ffe8 920a 

  0x000001e932645c8c: ; ImmutableOopMap {rax=Oop [208]=Oop [216]=Oop [232]=Oop [240]=Oop [256]=Oop [272]=Oop }
                      ;*invokestatic linkToSpecial {reexecute=0 rethrow=0 return_oop=0}
                      ; - java.lang.invoke.DirectMethodHandle$Holder::newInvokeSpecial@16
                      ; - java.lang.invoke.Invokers$Holder::linkToTargetMethod@5
                      ; - org.springframework.beans.factory.support.AbstractBeanFactory::doGetBean@254 (line 298)
                      ;   {runtime_call throw_null_pointer_exception Runtime1 stub}
  0x000001e932645c8c: 87ff e88d 

  0x000001e932645c90: ; ImmutableOopMap {rax=Oop [208]=Oop [216]=Oop [232]=Oop [240]=Oop [256]=Oop [272]=Oop [304]=Oop }
                      ;*invokestatic linkToSpecial {reexecute=0 rethrow=0 return_oop=0}
                      ; - java.lang.invoke.LambdaForm$DMH/0x000001e941139000::newInvokeSpecial@24
                      ; - java.lang.invoke.Invokers$Holder::linkToTargetMethod@9
                      ; - org.springframework.beans.factory.support.AbstractBeanFactory::doGetBean@471 (line 335)
  0x000001e932645c90: 0a87 ff4c | 8bac 2418 | 0100 008b | 8c24 e400 | 0000 e9ad | f7ff ff4c | 8b8c 2450 | 0100 00e9 
  0x000001e932645cb0: 85f6 ffff | 4c8b 8c24 | 5001 0000 | e978 f6ff | ff4c 8b8c | 2450 0100 | 00e9 6bf6 | ffff 4c8b 
  0x000001e932645cd0: 8c24 5001 | 0000 e95e | f6ff ff4c | 8b8c 2450 | 0100 00e9 | 51f6 ffff | 4c8b 8424 | 2002 0000 
  0x000001e932645cf0: e9a9 f9ff | ff48 89bc | 2400 0100 | 00e9 d5f7 | ffff 4889 | bc24 0001 | 0000 e9ea | f9ff ff4c 
  0x000001e932645d10: 8b8c 2450 | 0100 00e9 | 1df6 ffff | 4c8b 8c24 | 5001 0000 | e910 f6ff | ff4c 8b8c | 2450 0100 
  0x000001e932645d30: 00e9 03f6 | ffff 498b | 8700 0500 | 0049 c787 | 0005 0000 | 0000 0000 | 49c7 8708 | 0500 0000 
  0x000001e932645d50: 0000 0048 | 81c4 5002 

  0x000001e932645d58: ;   {runtime_call unwind_exception Runtime1 stub}
  0x000001e932645d58: 0000 5de9 | a0fa 86ff 
[Stub Code]
  0x000001e932645d60: ;   {no_reloc}
  0x000001e932645d60: 0f1f 4400 

  0x000001e932645d64: ;   {static_stub}
  0x000001e932645d64: 0048 bb00 | 0000 0000 

  0x000001e932645d6c: ;   {runtime_call nmethod}
  0x000001e932645d6c: 0000 00e9 | fbff ffff 

  0x000001e932645d74: ;   {static_stub}
  0x000001e932645d74: 9048 bb00 | 0000 0000 

  0x000001e932645d7c: ;   {runtime_call nmethod}
  0x000001e932645d7c: 0000 00e9 | fbff ffff 

  0x000001e932645d84: ;   {static_stub}
  0x000001e932645d84: 9048 bba8 | cbb4 81e9 

  0x000001e932645d8c: ;   {runtime_call I2C/C2I adapters}
  0x000001e932645d8c: 0100 00e9 | d3ef 7bff 

  0x000001e932645d94: ;   {static_stub}
  0x000001e932645d94: 9048 bb00 | 0000 0000 

  0x000001e932645d9c: ;   {runtime_call nmethod}
  0x000001e932645d9c: 0000 00e9 | fbff ffff 

  0x000001e932645da4: ;   {static_stub}
  0x000001e932645da4: 9048 bb48 | f2b4 81e9 

  0x000001e932645dac: ;   {runtime_call I2C/C2I adapters}
  0x000001e932645dac: 0100 00e9 | b3ef 7bff 

  0x000001e932645db4: ;   {static_stub}
  0x000001e932645db4: 9048 bb00 | 0000 0000 

  0x000001e932645dbc: ;   {runtime_call nmethod}
  0x000001e932645dbc: 0000 00e9 | fbff ffff 

  0x000001e932645dc4: ;   {static_stub}
  0x000001e932645dc4: 9048 bb00 | 0000 0000 

  0x000001e932645dcc: ;   {runtime_call nmethod}
  0x000001e932645dcc: 0000 00e9 | fbff ffff 

  0x000001e932645dd4: ;   {static_stub}
  0x000001e932645dd4: 9048 bb00 | 80b5 81e9 

  0x000001e932645ddc: ;   {runtime_call I2C/C2I adapters}
  0x000001e932645ddc: 0100 00e9 | 8753 7bff 

  0x000001e932645de4: ;   {static_stub}
  0x000001e932645de4: 9048 bb00 | 0000 0000 

  0x000001e932645dec: ;   {runtime_call nmethod}
  0x000001e932645dec: 0000 00e9 | fbff ffff 

  0x000001e932645df4: ;   {static_stub}
  0x000001e932645df4: 9048 bb40 | 70b5 81e9 

  0x000001e932645dfc: ;   {runtime_call I2C/C2I adapters}
  0x000001e932645dfc: 0100 00e9 | 6753 7bff 

  0x000001e932645e04: ;   {static_stub}
  0x000001e932645e04: 9048 bb00 | 0000 0000 

  0x000001e932645e0c: ;   {runtime_call nmethod}
  0x000001e932645e0c: 0000 00e9 | fbff ffff 

  0x000001e932645e14: ;   {static_stub}
  0x000001e932645e14: 9048 bb00 | 0000 0000 

  0x000001e932645e1c: ;   {runtime_call nmethod}
  0x000001e932645e1c: 0000 00e9 | fbff ffff 

  0x000001e932645e24: ;   {static_stub}
  0x000001e932645e24: 9048 bb00 | 0000 0000 

  0x000001e932645e2c: ;   {runtime_call nmethod}
  0x000001e932645e2c: 0000 00e9 | fbff ffff 

  0x000001e932645e34: ;   {static_stub}
  0x000001e932645e34: 9048 bb00 | 0000 0000 

  0x000001e932645e3c: ;   {runtime_call nmethod}
  0x000001e932645e3c: 0000 00e9 | fbff ffff 

  0x000001e932645e44: ;   {static_stub}
  0x000001e932645e44: 9048 bb00 | 0000 0000 

  0x000001e932645e4c: ;   {runtime_call nmethod}
  0x000001e932645e4c: 0000 00e9 | fbff ffff 

  0x000001e932645e54: ;   {static_stub}
  0x000001e932645e54: 9048 bb00 | 0000 0000 

  0x000001e932645e5c: ;   {runtime_call nmethod}
  0x000001e932645e5c: 0000 00e9 | fbff ffff 

  0x000001e932645e64: ;   {static_stub}
  0x000001e932645e64: 9048 bb00 | 0000 0000 

  0x000001e932645e6c: ;   {runtime_call nmethod}
  0x000001e932645e6c: 0000 00e9 | fbff ffff 

  0x000001e932645e74: ;   {static_stub}
  0x000001e932645e74: 9048 bb00 | 0000 0000 

  0x000001e932645e7c: ;   {runtime_call nmethod}
  0x000001e932645e7c: 0000 00e9 | fbff ffff 

  0x000001e932645e84: ;   {static_stub}
  0x000001e932645e84: 9048 bb00 | 0000 0000 

  0x000001e932645e8c: ;   {runtime_call nmethod}
  0x000001e932645e8c: 0000 00e9 | fbff ffff 

  0x000001e932645e94: ;   {static_stub}
  0x000001e932645e94: 9048 bb00 | 0000 0000 

  0x000001e932645e9c: ;   {runtime_call nmethod}
  0x000001e932645e9c: 0000 00e9 | fbff ffff 

  0x000001e932645ea4: ;   {static_stub}
  0x000001e932645ea4: 9048 bb00 | 0000 0000 

  0x000001e932645eac: ;   {runtime_call nmethod}
  0x000001e932645eac: 0000 00e9 | fbff ffff 

  0x000001e932645eb4: ;   {static_stub}
  0x000001e932645eb4: 9048 bb00 | 0000 0000 

  0x000001e932645ebc: ;   {runtime_call nmethod}
  0x000001e932645ebc: 0000 00e9 | fbff ffff 

  0x000001e932645ec4: ;   {static_stub}
  0x000001e932645ec4: 9048 bb00 | 0000 0000 

  0x000001e932645ecc: ;   {runtime_call nmethod}
  0x000001e932645ecc: 0000 00e9 | fbff ffff 

  0x000001e932645ed4: ;   {static_stub}
  0x000001e932645ed4: 9048 bb00 | 0000 0000 

  0x000001e932645edc: ;   {runtime_call nmethod}
  0x000001e932645edc: 0000 00e9 | fbff ffff 

  0x000001e932645ee4: ;   {static_stub}
  0x000001e932645ee4: 9048 bb00 | 0000 0000 

  0x000001e932645eec: ;   {runtime_call nmethod}
  0x000001e932645eec: 0000 00e9 | fbff ffff 

  0x000001e932645ef4: ;   {static_stub}
  0x000001e932645ef4: 9048 bb00 | 0000 0000 

  0x000001e932645efc: ;   {runtime_call nmethod}
  0x000001e932645efc: 0000 00e9 | fbff ffff 

  0x000001e932645f04: ;   {static_stub}
  0x000001e932645f04: 9048 bb00 | 0000 0000 

  0x000001e932645f0c: ;   {runtime_call nmethod}
  0x000001e932645f0c: 0000 00e9 | fbff ffff 

  0x000001e932645f14: ;   {static_stub}
  0x000001e932645f14: 9048 bb00 | 0000 0000 

  0x000001e932645f1c: ;   {runtime_call nmethod}
  0x000001e932645f1c: 0000 00e9 | fbff ffff 

  0x000001e932645f24: ;   {static_stub}
  0x000001e932645f24: 9048 bb00 | 0000 0000 

  0x000001e932645f2c: ;   {runtime_call nmethod}
  0x000001e932645f2c: 0000 00e9 | fbff ffff 

  0x000001e932645f34: ;   {static_stub}
  0x000001e932645f34: 9048 bb00 | 0000 0000 

  0x000001e932645f3c: ;   {runtime_call nmethod}
  0x000001e932645f3c: 0000 00e9 | fbff ffff 

  0x000001e932645f44: ;   {static_stub}
  0x000001e932645f44: 9048 bb00 | 0000 0000 

  0x000001e932645f4c: ;   {runtime_call nmethod}
  0x000001e932645f4c: 0000 00e9 | fbff ffff 

  0x000001e932645f54: ;   {static_stub}
  0x000001e932645f54: 9048 bb00 | 0000 0000 

  0x000001e932645f5c: ;   {runtime_call nmethod}
  0x000001e932645f5c: 0000 00e9 | fbff ffff 

  0x000001e932645f64: ;   {static_stub}
  0x000001e932645f64: 9048 bb00 | 0000 0000 

  0x000001e932645f6c: ;   {runtime_call nmethod}
  0x000001e932645f6c: 0000 00e9 | fbff ffff 

  0x000001e932645f74: ;   {static_stub}
  0x000001e932645f74: 9048 bb00 | 0000 0000 

  0x000001e932645f7c: ;   {runtime_call nmethod}
  0x000001e932645f7c: 0000 00e9 | fbff ffff 

  0x000001e932645f84: ;   {static_stub}
  0x000001e932645f84: 9048 bb00 | 0000 0000 

  0x000001e932645f8c: ;   {runtime_call nmethod}
  0x000001e932645f8c: 0000 00e9 | fbff ffff 

  0x000001e932645f94: ;   {static_stub}
  0x000001e932645f94: 9048 bb00 | 0000 0000 

  0x000001e932645f9c: ;   {runtime_call nmethod}
  0x000001e932645f9c: 0000 00e9 | fbff ffff 

  0x000001e932645fa4: ;   {static_stub}
  0x000001e932645fa4: 9048 bb00 | 0000 0000 

  0x000001e932645fac: ;   {runtime_call nmethod}
  0x000001e932645fac: 0000 00e9 | fbff ffff 

  0x000001e932645fb4: ;   {static_stub}
  0x000001e932645fb4: 9048 bb00 | 0000 0000 

  0x000001e932645fbc: ;   {runtime_call nmethod}
  0x000001e932645fbc: 0000 00e9 | fbff ffff 

  0x000001e932645fc4: ;   {static_stub}
  0x000001e932645fc4: 9048 bb00 | 0000 0000 

  0x000001e932645fcc: ;   {runtime_call nmethod}
  0x000001e932645fcc: 0000 00e9 | fbff ffff 

  0x000001e932645fd4: ;   {static_stub}
  0x000001e932645fd4: 9048 bb00 | 0000 0000 

  0x000001e932645fdc: ;   {runtime_call nmethod}
  0x000001e932645fdc: 0000 00e9 | fbff ffff 

  0x000001e932645fe4: ;   {static_stub}
  0x000001e932645fe4: 9048 bb00 | 0000 0000 

  0x000001e932645fec: ;   {runtime_call nmethod}
  0x000001e932645fec: 0000 00e9 | fbff ffff 

  0x000001e932645ff4: ;   {static_stub}
  0x000001e932645ff4: 9048 bb00 | 0000 0000 

  0x000001e932645ffc: ;   {runtime_call nmethod}
  0x000001e932645ffc: 0000 00e9 | fbff ffff 

  0x000001e932646004: ;   {static_stub}
  0x000001e932646004: 9048 bb00 | 0000 0000 

  0x000001e93264600c: ;   {runtime_call nmethod}
  0x000001e93264600c: 0000 00e9 | fbff ffff 

  0x000001e932646014: ;   {static_stub}
  0x000001e932646014: 9048 bb00 | 0000 0000 

  0x000001e93264601c: ;   {runtime_call nmethod}
  0x000001e93264601c: 0000 00e9 | fbff ffff 

  0x000001e932646024: ;   {static_stub}
  0x000001e932646024: 9048 bb00 | 0000 0000 

  0x000001e93264602c: ;   {runtime_call nmethod}
  0x000001e93264602c: 0000 00e9 | fbff ffff 

  0x000001e932646034: ;   {static_stub}
  0x000001e932646034: 9048 bb00 | 0000 0000 

  0x000001e93264603c: ;   {runtime_call nmethod}
  0x000001e93264603c: 0000 00e9 | fbff ffff 

  0x000001e932646044: ;   {static_stub}
  0x000001e932646044: 9048 bb00 | 0000 0000 

  0x000001e93264604c: ;   {runtime_call nmethod}
  0x000001e93264604c: 0000 00e9 | fbff ffff 

  0x000001e932646054: ;   {static_stub}
  0x000001e932646054: 9048 bb00 | 0000 0000 

  0x000001e93264605c: ;   {runtime_call nmethod}
  0x000001e93264605c: 0000 00e9 | fbff ffff 

  0x000001e932646064: ;   {static_stub}
  0x000001e932646064: 9048 bb00 | 0000 0000 

  0x000001e93264606c: ;   {runtime_call nmethod}
  0x000001e93264606c: 0000 00e9 | fbff ffff 

  0x000001e932646074: ;   {static_stub}
  0x000001e932646074: 9048 bb00 | 0000 0000 

  0x000001e93264607c: ;   {runtime_call nmethod}
  0x000001e93264607c: 0000 00e9 | fbff ffff 

  0x000001e932646084: ;   {static_stub}
  0x000001e932646084: 9048 bb00 | 0000 0000 

  0x000001e93264608c: ;   {runtime_call nmethod}
  0x000001e93264608c: 0000 00e9 | fbff ffff 

  0x000001e932646094: ;   {static_stub}
  0x000001e932646094: 9048 bb00 | 0000 0000 

  0x000001e93264609c: ;   {runtime_call nmethod}
  0x000001e93264609c: 0000 00e9 | fbff ffff 

  0x000001e9326460a4: ;   {static_stub}
  0x000001e9326460a4: 9048 bb00 | 0000 0000 

  0x000001e9326460ac: ;   {runtime_call nmethod}
  0x000001e9326460ac: 0000 00e9 | fbff ffff 

  0x000001e9326460b4: ;   {static_stub}
  0x000001e9326460b4: 9048 bb00 | 0000 0000 

  0x000001e9326460bc: ;   {runtime_call nmethod}
  0x000001e9326460bc: 0000 00e9 | fbff ffff 

  0x000001e9326460c4: ;   {static_stub}
  0x000001e9326460c4: 9048 bb00 | 0000 0000 

  0x000001e9326460cc: ;   {runtime_call nmethod}
  0x000001e9326460cc: 0000 00e9 | fbff ffff 

  0x000001e9326460d4: ;   {static_stub}
  0x000001e9326460d4: 9048 bb00 | 0000 0000 

  0x000001e9326460dc: ;   {runtime_call nmethod}
  0x000001e9326460dc: 0000 00e9 | fbff ffff 

  0x000001e9326460e4: ;   {static_stub}
  0x000001e9326460e4: 9048 bb00 | 0000 0000 

  0x000001e9326460ec: ;   {runtime_call nmethod}
  0x000001e9326460ec: 0000 00e9 | fbff ffff 

  0x000001e9326460f4: ;   {static_stub}
  0x000001e9326460f4: 9048 bb00 | 0000 0000 

  0x000001e9326460fc: ;   {runtime_call nmethod}
  0x000001e9326460fc: 0000 00e9 | fbff ffff 

  0x000001e932646104: ;   {static_stub}
  0x000001e932646104: 9048 bb00 | 0000 0000 

  0x000001e93264610c: ;   {runtime_call nmethod}
  0x000001e93264610c: 0000 00e9 | fbff ffff 

  0x000001e932646114: ;   {static_stub}
  0x000001e932646114: 9048 bb00 | 0000 0000 

  0x000001e93264611c: ;   {runtime_call nmethod}
  0x000001e93264611c: 0000 00e9 | fbff ffff 

  0x000001e932646124: ;   {static_stub}
  0x000001e932646124: 48bb 0000 | 0000 0000 

  0x000001e93264612c: ;   {runtime_call nmethod}
  0x000001e93264612c: 0000 e9fb 

  0x000001e932646130: ;   {static_stub}
  0x000001e932646130: ffff ff48 | bb00 0000 | 0000 0000 

  0x000001e93264613c: ;   {runtime_call nmethod}
  0x000001e93264613c: 00e9 fbff 

  0x000001e932646140: ;   {static_stub}
  0x000001e932646140: ffff 48bb | 0000 0000 | 0000 0000 

  0x000001e93264614c: ;   {runtime_call nmethod}
  0x000001e93264614c: e9fb ffff 

  0x000001e932646150: ;   {static_stub}
  0x000001e932646150: ff48 bb50 | 6e00 40e9 

  0x000001e932646158: ;   {runtime_call I2C/C2I adapters}
  0x000001e932646158: 0100 00e9 | 03dd 7bff 

  0x000001e932646160: ;   {static_stub}
  0x000001e932646160: 48bb 0000 | 0000 0000 

  0x000001e932646168: ;   {runtime_call nmethod}
  0x000001e932646168: 0000 e9fb 

  0x000001e93264616c: ;   {static_stub}
  0x000001e93264616c: ffff ff48 | bb00 0000 | 0000 0000 

  0x000001e932646178: ;   {runtime_call nmethod}
  0x000001e932646178: 00e9 fbff 

  0x000001e93264617c: ;   {static_stub}
  0x000001e93264617c: ffff 48bb | 0000 0000 | 0000 0000 

  0x000001e932646188: ;   {runtime_call nmethod}
  0x000001e932646188: e9fb ffff 

  0x000001e93264618c: ;   {static_stub}
  0x000001e93264618c: ff48 bb00 | 0000 0000 

  0x000001e932646194: ;   {runtime_call nmethod}
  0x000001e932646194: 0000 00e9 | fbff ffff 

  0x000001e93264619c: ;   {static_stub}
  0x000001e93264619c: 48bb 0000 | 0000 0000 

  0x000001e9326461a4: ;   {runtime_call nmethod}
  0x000001e9326461a4: 0000 e9fb 

  0x000001e9326461a8: ;   {static_stub}
  0x000001e9326461a8: ffff ff48 | bb10 83b5 | 81e9 0100 

  0x000001e9326461b4: ;   {runtime_call I2C/C2I adapters}
  0x000001e9326461b4: 00e9 35b4 

  0x000001e9326461b8: ;   {static_stub}
  0x000001e9326461b8: 7aff 48bb | 0000 0000 | 0000 0000 

  0x000001e9326461c4: ;   {runtime_call nmethod}
  0x000001e9326461c4: e9fb ffff 

  0x000001e9326461c8: ;   {runtime_call handle_exception_from_callee Runtime1 stub}
  0x000001e9326461c8: ffe8 3258 

  0x000001e9326461cc: ;   {external_word}
  0x000001e9326461cc: 87ff 48b9 | b013 caf4 | fc7f 0000 | 4883 e4f0 

  0x000001e9326461dc: ;   {runtime_call}
  0x000001e9326461dc: 48b8 a073 | 8cf4 fc7f | 0000 ffd0 

  0x000001e9326461e8: ;   {section_word}
  0x000001e9326461e8: f449 bae9 | 6164 32e9 | 0100 0041 

  0x000001e9326461f4: ;   {runtime_call DeoptimizationBlob}
  0x000001e9326461f4: 52e9 261c | 7cff f4f4 | f4f4 f4f4 
[/MachCode]


Compiled method (c1) 6585 3357       1       org.springframework.beans.factory.support.AbstractBeanFactory::getBean (9 bytes)
 total in heap  [0x000001e9325b0610,0x000001e9325b0920] = 784
 relocation     [0x000001e9325b0770,0x000001e9325b07a8] = 56
 main code      [0x000001e9325b07c0,0x000001e9325b0870] = 176
 stub code      [0x000001e9325b0870,0x000001e9325b08b8] = 72
 oops           [0x000001e9325b08b8,0x000001e9325b08c0] = 8
 metadata       [0x000001e9325b08c0,0x000001e9325b08d8] = 24
 scopes data    [0x000001e9325b08d8,0x000001e9325b08e8] = 16
 scopes pcs     [0x000001e9325b08e8,0x000001e9325b0918] = 48
 dependencies   [0x000001e9325b0918,0x000001e9325b0920] = 8

[Constant Pool (empty)]

[MachCode]
[Entry Point]
  # {method} {0x000001e981b47fb0} 'getBean' '(Ljava/lang/String;Ljava/lang/Class;)Ljava/lang/Object;' in 'org/springframework/beans/factory/support/AbstractBeanFactory'
  # this:     rdx:rdx   = 'org/springframework/beans/factory/support/AbstractBeanFactory'
  # parm0:    r8:r8     = 'java/lang/String'
  # parm1:    r9:r9     = 'java/lang/Class'
  #           [sp+0x50]  (sp of caller)
  0x000001e9325b07c0: 448b 5208 | 49bb 0000 | 0040 e901 | 0000 4d03 | d34c 3bd0 

  0x000001e9325b07d4: ;   {runtime_call ic_miss_stub}
  0x000001e9325b07d4: 0f85 a6e1 | 84ff 660f | 1f44 0000 
[Verified Entry Point]
  0x000001e9325b07e0: e99b 6e80 | ffff ff55 | 4883 ec40 | 4181 7f20 | 0500 0000 

  0x000001e9325b07f4: ;   {runtime_call StubRoutines (final stubs)}
  0x000001e9325b07f4: 7405 e8e5 

  0x000001e9325b07f8: ;   {oop(nullptr)}
  0x000001e9325b07f8: 7a83 ff48 | bf00 0000 | 0000 0000 | 00be 0000 | 0000 0f1f 

  0x000001e9325b080c: ;   {optimized virtual_call}
  0x000001e9325b080c: 4400 00e8 

  0x000001e9325b0810: ; ImmutableOopMap {}
                      ;*invokevirtual doGetBean {reexecute=0 rethrow=0 return_oop=0}
                      ; - org.springframework.beans.factory.support.AbstractBeanFactory::getBean@5 (line 205)
  0x000001e9325b0810: ac31 0900 

  0x000001e9325b0814: ;   {other}
  0x000001e9325b0814: 0fff 00a9 | 0402 0000 | 4883 c440 

  0x000001e9325b0820: ;   {poll_return}
  0x000001e9325b0820: 5d49 3ba7 | 5004 0000 | 0f87 0100 

  0x000001e9325b082c: ;   {internal_word}
  0x000001e9325b082c: 0000 c349 | ba21 085b | 32e9 0100 | 004d 8997 | 6804 0000 

  0x000001e9325b0840: ;   {runtime_call SafepointBlob}
  0x000001e9325b0840: e93b 6185 | ff49 8b87 | 0005 0000 | 49c7 8700 | 0500 0000 | 0000 0049 | c787 0805 | 0000 0000 
  0x000001e9325b0860: 0000 4883 

  0x000001e9325b0864: ;   {runtime_call unwind_exception Runtime1 stub}
  0x000001e9325b0864: c440 5de9 | 944f 90ff | f4f4 f4f4 
[Stub Code]
  0x000001e9325b0870: ;   {no_reloc}
  0x000001e9325b0870: 0f1f 4400 

  0x000001e9325b0874: ;   {static_stub}
  0x000001e9325b0874: 0048 bb50 | 87b4 81e9 

  0x000001e9325b087c: ;   {runtime_call I2C/C2I adapters}
  0x000001e9325b087c: 0100 00e9 | 6ee5 82ff 
[Exception Handler]
  0x000001e9325b0884: ;   {runtime_call handle_exception_from_callee Runtime1 stub}
  0x000001e9325b0884: e877 b190 

  0x000001e9325b0888: ;   {external_word}
  0x000001e9325b0888: ff48 b9b0 | 13ca f4fc | 7f00 0048 

  0x000001e9325b0894: ;   {runtime_call}
  0x000001e9325b0894: 83e4 f048 | b8a0 738c | f4fc 7f00 | 00ff d0f4 
[Deopt Handler Code]
  0x000001e9325b08a4: ;   {section_word}
  0x000001e9325b08a4: 49ba a408 | 5b32 e901 | 0000 4152 

  0x000001e9325b08b0: ;   {runtime_call DeoptimizationBlob}
  0x000001e9325b08b0: e96b 7585 | fff4 f4f4 
[/MachCode]


---------------  P R O C E S S  ---------------

Threads class SMR info:
_java_thread_list=0x000001e99070cf20, length=23, elements={
0x000001e92728dc10, 0x000001e93fba38e0, 0x000001e93fba5f60, 0x000001e93fba6cf0,
0x000001e93fba76c0, 0x000001e93fbb6290, 0x000001e93fbb6900, 0x000001e93fbc3e10,
0x000001e93fc829c0, 0x000001e93eea9dc0, 0x000001e93fd92b00, 0x000001e9853bde60,
0x000001e985468950, 0x000001e985467de0, 0x000001e985554000, 0x000001e9856a4370,
0x000001e98576c760, 0x000001e985772220, 0x000001e98e95d230, 0x000001e990013500,
0x000001e990011ac0, 0x000001e990012e70, 0x000001e9927ee890
}

Java Threads: ( => current thread )
=>0x000001e92728dc10 JavaThread "main"                              [_thread_in_native, id=10412, stack(0x000000af37000000,0x000000af37100000) (1024K)]
  0x000001e93fba38e0 JavaThread "Reference Handler"          daemon [_thread_blocked, id=2380, stack(0x000000af37800000,0x000000af37900000) (1024K)]
  0x000001e93fba5f60 JavaThread "Finalizer"                  daemon [_thread_blocked, id=12400, stack(0x000000af37900000,0x000000af37a00000) (1024K)]
  0x000001e93fba6cf0 JavaThread "Signal Dispatcher"          daemon [_thread_blocked, id=11124, stack(0x000000af37a00000,0x000000af37b00000) (1024K)]
  0x000001e93fba76c0 JavaThread "Attach Listener"            daemon [_thread_blocked, id=7056, stack(0x000000af37b00000,0x000000af37c00000) (1024K)]
  0x000001e93fbb6290 JavaThread "Service Thread"             daemon [_thread_blocked, id=9256, stack(0x000000af37c00000,0x000000af37d00000) (1024K)]
  0x000001e93fbb6900 JavaThread "Monitor Deflation Thread"   daemon [_thread_blocked, id=6172, stack(0x000000af37d00000,0x000000af37e00000) (1024K)]
  0x000001e93fbc3e10 JavaThread "C1 CompilerThread0"         daemon [_thread_blocked, id=17548, stack(0x000000af37e00000,0x000000af37f00000) (1024K)]
  0x000001e93fc829c0 JavaThread "C1 CompilerThread1"         daemon [_thread_blocked, id=7068, stack(0x000000af37f00000,0x000000af38000000) (1024K)]
  0x000001e93eea9dc0 JavaThread "C1 CompilerThread2"         daemon [_thread_blocked, id=10336, stack(0x000000af38000000,0x000000af38100000) (1024K)]
  0x000001e93fd92b00 JavaThread "Common-Cleaner"             daemon [_thread_blocked, id=21860, stack(0x000000af38100000,0x000000af38200000) (1024K)]
  0x000001e9853bde60 JavaThread "C1 CompilerThread3"         daemon [_thread_blocked, id=27300, stack(0x000000af38200000,0x000000af38300000) (1024K)]
  0x000001e985468950 JavaThread "Monitor Ctrl-Break"         daemon [_thread_in_native, id=28816, stack(0x000000af38300000,0x000000af38400000) (1024K)]
  0x000001e985467de0 JavaThread "Notification Thread"        daemon [_thread_blocked, id=21556, stack(0x000000af38400000,0x000000af38500000) (1024K)]
  0x000001e985554000 JavaThread "RMI TCP Accept-0"           daemon [_thread_in_native, id=19676, stack(0x000000af38d00000,0x000000af38e00000) (1024K)]
  0x000001e9856a4370 JavaThread "RMI TCP Connection(1)-192.168.78.1" daemon [_thread_in_native, id=25736, stack(0x000000af38e00000,0x000000af38f00000) (1024K)]
  0x000001e98576c760 JavaThread "RMI Scheduler(0)"           daemon [_thread_blocked, id=28960, stack(0x000000af38f00000,0x000000af39000000) (1024K)]
  0x000001e985772220 JavaThread "JMX server connection timeout 42" daemon [_thread_blocked, id=22912, stack(0x000000af39000000,0x000000af39100000) (1024K)]
  0x000001e98e95d230 JavaThread "RMI TCP Connection(2)-192.168.78.1" daemon [_thread_in_native, id=22976, stack(0x000000af39300000,0x000000af39400000) (1024K)]
  0x000001e990013500 JavaThread "mysql-cj-abandoned-connection-cleanup" daemon [_thread_blocked, id=16808, stack(0x000000af39500000,0x000000af39600000) (1024K)]
  0x000001e990011ac0 JavaThread "JFR Recorder Thread"        daemon [_thread_in_native, id=21484, stack(0x000000af39b00000,0x000000af39c00000) (1024K)]
  0x000001e990012e70 JavaThread "JFR Periodic Tasks"         daemon [_thread_blocked, id=19460, stack(0x000000af39c00000,0x000000af39d00000) (1024K)]
  0x000001e9927ee890 JavaThread "C1 CompilerThread4"         daemon [_thread_blocked, id=25440, stack(0x000000af39d00000,0x000000af39e00000) (1024K)]
Total: 23

Other Threads:
  0x000001e93eebad60 VMThread "VM Thread"                           [id=23668, stack(0x000000af37700000,0x000000af37800000) (1024K)]
  0x000001e93eea9140 WatcherThread "VM Periodic Task Thread"        [id=8128, stack(0x000000af37600000,0x000000af37700000) (1024K)]
  0x000001e92971f3b0 WorkerThread "GC Thread#0"                     [id=28140, stack(0x000000af37100000,0x000000af37200000) (1024K)]
  0x000001e98553d590 WorkerThread "GC Thread#1"                     [id=14368, stack(0x000000af38500000,0x000000af38600000) (1024K)]
  0x000001e98553f950 WorkerThread "GC Thread#2"                     [id=3948, stack(0x000000af38600000,0x000000af38700000) (1024K)]
  0x000001e985540520 WorkerThread "GC Thread#3"                     [id=21560, stack(0x000000af38700000,0x000000af38800000) (1024K)]
  0x000001e9855408d0 WorkerThread "GC Thread#4"                     [id=8096, stack(0x000000af38800000,0x000000af38900000) (1024K)]
  0x000001e9855450a0 WorkerThread "GC Thread#5"                     [id=24356, stack(0x000000af38900000,0x000000af38a00000) (1024K)]
  0x000001e985545860 WorkerThread "GC Thread#6"                     [id=28536, stack(0x000000af38a00000,0x000000af38b00000) (1024K)]
  0x000001e985545c10 WorkerThread "GC Thread#7"                     [id=24052, stack(0x000000af38b00000,0x000000af38c00000) (1024K)]
  0x000001e985545fc0 WorkerThread "GC Thread#8"                     [id=26368, stack(0x000000af38c00000,0x000000af38d00000) (1024K)]
  0x000001e98e7c9430 WorkerThread "GC Thread#9"                     [id=7848, stack(0x000000af39100000,0x000000af39200000) (1024K)]
  0x000001e98e7c97e0 WorkerThread "GC Thread#10"                    [id=17804, stack(0x000000af39200000,0x000000af39300000) (1024K)]
  0x000001e98e7c8920 WorkerThread "GC Thread#11"                    [id=21932, stack(0x000000af39600000,0x000000af39700000) (1024K)]
  0x000001e98e7c8cd0 WorkerThread "GC Thread#12"                    [id=20760, stack(0x000000af39700000,0x000000af39800000) (1024K)]
  0x000001e92972c0f0 ConcurrentGCThread "G1 Main Marker"            [id=14344, stack(0x000000af37200000,0x000000af37300000) (1024K)]
  0x000001e92972d990 WorkerThread "G1 Conc#0"                       [id=5192, stack(0x000000af37300000,0x000000af37400000) (1024K)]
  0x000001e98f252860 WorkerThread "G1 Conc#1"                       [id=25728, stack(0x000000af39800000,0x000000af39900000) (1024K)]
  0x000001e98f253370 WorkerThread "G1 Conc#2"                       [id=4072, stack(0x000000af39900000,0x000000af39a00000) (1024K)]
  0x000001e93ed7d0b0 ConcurrentGCThread "G1 Refine#0"               [id=8368, stack(0x000000af37400000,0x000000af37500000) (1024K)]
  0x000001e93ed7f500 ConcurrentGCThread "G1 Service"                [id=28004, stack(0x000000af37500000,0x000000af37600000) (1024K)]
Total: 21

Threads with active compile tasks:
Total: 0

VM state: not at safepoint (normal execution)

VM Mutex/Monitor currently owned by a thread: None

Heap address: 0x0000000683800000, size: 6088 MB, Compressed Oops mode: Zero based, Oop shift amount: 3

CDS archive(s) mapped at: [0x000001e940000000-0x000001e940c80000-0x000001e940c80000), size 13107200, SharedBaseAddress: 0x000001e940000000, ArchiveRelocationMode: 1.
Compressed class space mapped at: 0x000001e941000000-0x000001e981000000, reserved size: 1073741824
Narrow klass base: 0x000001e940000000, Narrow klass shift: 0, Narrow klass range: 0x100000000

GC Precious Log:
 CardTable entry size: 512
 Card Set container configuration: InlinePtr #cards 4 size 8 Array Of Cards #cards 32 size 80 Howl #buckets 8 coarsen threshold 7372 Howl Bitmap #cards 1024 size 144 coarsen threshold 921 Card regions per heap region 1 cards per card region 8192
 CPUs: 16 total, 16 available
 Memory: 24339M
 Large Page Support: Disabled
 NUMA Support: Disabled
 Compressed Oops: Enabled (Zero based)
 Heap Region Size: 4M
 Heap Min Capacity: 8M
 Heap Initial Capacity: 384M
 Heap Max Capacity: 6088M
 Pre-touch: Disabled
 Parallel Workers: 13
 Concurrent Workers: 3
 Concurrent Refinement Workers: 13
 Periodic GC: Disabled

Heap:
 garbage-first heap   total 110592K, used 51887K [0x0000000683800000, 0x0000000800000000)
  region size 4096K, 7 young (28672K), 1 survivors (4096K)
 Metaspace       used 52650K, committed 53248K, reserved 1114112K
  class space    used 7485K, committed 7744K, reserved 1048576K

Heap Regions: E=young(eden), S=young(survivor), O=old, HS=humongous(starts), HC=humongous(continues), CS=collection set, F=free, TAMS=top-at-mark-start, PB=parsable bottom
|   0|0x0000000683800000, 0x0000000683c00000, 0x0000000683c00000|100%| O|  |TAMS 0x0000000683800000| PB 0x0000000683800000| Untracked 
|   1|0x0000000683c00000, 0x0000000684000000, 0x0000000684000000|100%| O|  |TAMS 0x0000000683c00000| PB 0x0000000683c00000| Untracked 
|   2|0x0000000684000000, 0x0000000684400000, 0x0000000684400000|100%| O|  |TAMS 0x0000000684000000| PB 0x0000000684000000| Untracked 
|   3|0x0000000684400000, 0x0000000684800000, 0x0000000684800000|100%| O|  |TAMS 0x0000000684400000| PB 0x0000000684400000| Untracked 
|   4|0x0000000684800000, 0x0000000684c00000, 0x0000000684c00000|100%| O|  |TAMS 0x0000000684800000| PB 0x0000000684800000| Untracked 
|   5|0x0000000684c00000, 0x0000000684c00000, 0x0000000685000000|  0%| F|  |TAMS 0x0000000684c00000| PB 0x0000000684c00000| Untracked 
|   6|0x0000000685000000, 0x0000000685400000, 0x0000000685400000|100%| O|  |TAMS 0x0000000685000000| PB 0x0000000685000000| Untracked 
|   7|0x0000000685400000, 0x00000006856b3a00, 0x0000000685800000| 67%| O|  |TAMS 0x0000000685400000| PB 0x0000000685400000| Untracked 
|   8|0x0000000685800000, 0x0000000685800000, 0x0000000685c00000|  0%| F|  |TAMS 0x0000000685800000| PB 0x0000000685800000| Untracked 
|   9|0x0000000685c00000, 0x0000000685c00000, 0x0000000686000000|  0%| F|  |TAMS 0x0000000685c00000| PB 0x0000000685c00000| Untracked 
|  10|0x0000000686000000, 0x00000006863f8388, 0x0000000686400000| 99%| S|CS|TAMS 0x0000000686000000| PB 0x0000000686000000| Complete 
|  11|0x0000000686400000, 0x0000000686400000, 0x0000000686800000|  0%| F|  |TAMS 0x0000000686400000| PB 0x0000000686400000| Untracked 
|  12|0x0000000686800000, 0x0000000686800000, 0x0000000686c00000|  0%| F|  |TAMS 0x0000000686800000| PB 0x0000000686800000| Untracked 
|  13|0x0000000686c00000, 0x0000000686c00000, 0x0000000687000000|  0%| F|  |TAMS 0x0000000686c00000| PB 0x0000000686c00000| Untracked 
|  14|0x0000000687000000, 0x0000000687000000, 0x0000000687400000|  0%| F|  |TAMS 0x0000000687000000| PB 0x0000000687000000| Untracked 
|  15|0x0000000687400000, 0x0000000687400000, 0x0000000687800000|  0%| F|  |TAMS 0x0000000687400000| PB 0x0000000687400000| Untracked 
|  16|0x0000000687800000, 0x0000000687800000, 0x0000000687c00000|  0%| F|  |TAMS 0x0000000687800000| PB 0x0000000687800000| Untracked 
|  17|0x0000000687c00000, 0x0000000687c00000, 0x0000000688000000|  0%| F|  |TAMS 0x0000000687c00000| PB 0x0000000687c00000| Untracked 
|  18|0x0000000688000000, 0x0000000688000000, 0x0000000688400000|  0%| F|  |TAMS 0x0000000688000000| PB 0x0000000688000000| Untracked 
|  19|0x0000000688400000, 0x0000000688400000, 0x0000000688800000|  0%| F|  |TAMS 0x0000000688400000| PB 0x0000000688400000| Untracked 
|  20|0x0000000688800000, 0x0000000688800000, 0x0000000688c00000|  0%| F|  |TAMS 0x0000000688800000| PB 0x0000000688800000| Untracked 
|  21|0x0000000688c00000, 0x0000000688e67918, 0x0000000689000000| 60%| E|  |TAMS 0x0000000688c00000| PB 0x0000000688c00000| Complete 
|  22|0x0000000689000000, 0x0000000689400000, 0x0000000689400000|100%| E|CS|TAMS 0x0000000689000000| PB 0x0000000689000000| Complete 
|  23|0x0000000689400000, 0x0000000689800000, 0x0000000689800000|100%| E|CS|TAMS 0x0000000689400000| PB 0x0000000689400000| Complete 
|  44|0x000000068e800000, 0x000000068ec00000, 0x000000068ec00000|100%| E|CS|TAMS 0x000000068e800000| PB 0x000000068e800000| Complete 
|  45|0x000000068ec00000, 0x000000068f000000, 0x000000068f000000|100%| E|CS|TAMS 0x000000068ec00000| PB 0x000000068ec00000| Complete 
|  95|0x000000069b400000, 0x000000069b800000, 0x000000069b800000|100%| E|CS|TAMS 0x000000069b400000| PB 0x000000069b400000| Complete 

Card table byte_map: [0x000001e936000000,0x000001e936bf0000] _byte_map_base: 0x000001e932be4000

Marking Bits: (CMBitMap*) 0x000001e92971f9d0
 Bits: [0x000001e936bf0000, 0x000001e93cb10000)

Polling page: 0x000001e9278e0000

Metaspace:

Usage:
  Non-class:     44.11 MB used.
      Class:      7.31 MB used.
       Both:     51.42 MB used.

Virtual space:
  Non-class space:       64.00 MB reserved,      44.44 MB ( 69%) committed,  1 nodes.
      Class space:        1.00 GB reserved,       7.56 MB ( <1%) committed,  1 nodes.
             Both:        1.06 GB reserved,      52.00 MB (  5%) committed. 

Chunk freelists:
   Non-Class:  3.00 MB
       Class:  8.45 MB
        Both:  11.45 MB

MaxMetaspaceSize: unlimited
CompressedClassSpaceSize: 1.00 GB
Initial GC threshold: 21.00 MB
Current GC threshold: 53.44 MB
CDS: on
 - commit_granule_bytes: 65536.
 - commit_granule_words: 8192.
 - virtual_space_node_default_size: 8388608.
 - enlarge_chunks_in_place: 1.
 - use_allocation_guard: 0.


Internal statistics:

num_allocs_failed_limit: 3.
num_arena_births: 956.
num_arena_deaths: 0.
num_vsnodes_births: 2.
num_vsnodes_deaths: 0.
num_space_committed: 832.
num_space_uncommitted: 0.
num_chunks_returned_to_freelist: 3.
num_chunks_taken_from_freelist: 2763.
num_chunk_merges: 3.
num_chunk_splits: 1957.
num_chunks_enlarged: 1471.
num_inconsistent_stats: 0.

CodeCache: size=49152Kb used=13883Kb max_used=13883Kb free=35268Kb
 bounds [0x000001e931db0000, 0x000001e932b40000, 0x000001e934db0000]
 total_blobs=6787, nmethods=6172, adapters=533, full_count=0
Compilation: enabled, stopped_count=0, restarted_count=0

Compilation events (20 events):
Event: 6.098 Thread 0x000001e93fbc3e10 6153       1       java.lang.ref.Reference::refersTo (6 bytes)
Event: 6.098 Thread 0x000001e9853bde60 6154       1       java.lang.ref.Reference::refersToImpl (6 bytes)
Event: 6.098 Thread 0x000001e93fc829c0 6155       1       java.lang.ThreadLocal::getMap (5 bytes)
Event: 6.098 Thread 0x000001e93fbc3e10 nmethod 6153 0x000001e932b1b790 code [0x000001e932b1b940, 0x000001e932b1ba30]
Event: 6.098 Thread 0x000001e9853bde60 nmethod 6154 0x000001e932b1bb10 code [0x000001e932b1bcc0, 0x000001e932b1bda0]
Event: 6.098 Thread 0x000001e93fbc3e10 6157       1       java.io.ObjectOutputStream$BlockDataOutputStream::writeShort (47 bytes)
Event: 6.098 Thread 0x000001e93fc829c0 nmethod 6155 0x000001e932b1be90 code [0x000001e932b1c020, 0x000001e932b1c0f0]
Event: 6.098 Thread 0x000001e9853bde60 6156       1       java.io.ObjectOutputStream$BlockDataOutputStream::drain (45 bytes)
Event: 6.098 Thread 0x000001e9927ee890 nmethod 6151 0x000001e932b1c190 code [0x000001e932b1c320, 0x000001e932b1c430]
Event: 6.098 Thread 0x000001e93fc829c0 6132       1       jdk.internal.misc.Unsafe::pick (12 bytes)
Event: 6.098 Thread 0x000001e93fc829c0 nmethod 6132 0x000001e932b1c590 code [0x000001e932b1c720, 0x000001e932b1c7d0]
Event: 6.098 Thread 0x000001e9853bde60 nmethod 6156 0x000001e932b1c890 code [0x000001e932b1ca40, 0x000001e932b1cbc8]
Event: 6.099 Thread 0x000001e93fbc3e10 nmethod 6157 0x000001e932b1cd90 code [0x000001e932b1cf40, 0x000001e932b1d1e8]
Event: 6.099 Thread 0x000001e93eea9dc0 nmethod 6146 0x000001e932b1d690 code [0x000001e932b1db40, 0x000001e932b1f270]
Event: 6.336 Thread 0x000001e9927ee890 6158       1       java.lang.invoke.MethodType::checkSlotCount (33 bytes)
Event: 6.336 Thread 0x000001e93fbc3e10 6159       1       java.lang.invoke.MethodType::methodType (69 bytes)
Event: 6.336 Thread 0x000001e93fc829c0 6160       1       java.lang.invoke.MethodType::form (5 bytes)
Event: 6.337 Thread 0x000001e93fc829c0 nmethod 6160 0x000001e932b21c10 code [0x000001e932b21da0, 0x000001e932b21e70]
Event: 6.337 Thread 0x000001e9927ee890 nmethod 6158 0x000001e932b21f10 code [0x000001e932b22100, 0x000001e932b223e0]
Event: 6.337 Thread 0x000001e93fbc3e10 nmethod 6159 0x000001e932b22710 code [0x000001e932b22900, 0x000001e932b22b70]

GC Heap History (18 events):
Event: 0.452 GC heap before
{Heap before GC invocations=0 (full 0):
 garbage-first heap   total 393216K, used 16384K [0x0000000683800000, 0x0000000800000000)
  region size 4096K, 5 young (20480K), 0 survivors (0K)
 Metaspace       used 3412K, committed 3648K, reserved 1114112K
  class space    used 400K, committed 512K, reserved 1048576K
}
Event: 0.458 GC heap after
{Heap after GC invocations=1 (full 0):
 garbage-first heap   total 393216K, used 8746K [0x0000000683800000, 0x0000000800000000)
  region size 4096K, 1 young (4096K), 1 survivors (4096K)
 Metaspace       used 3412K, committed 3648K, reserved 1114112K
  class space    used 400K, committed 512K, reserved 1048576K
}
Event: 0.788 GC heap before
{Heap before GC invocations=1 (full 0):
 garbage-first heap   total 393216K, used 21034K [0x0000000683800000, 0x0000000800000000)
  region size 4096K, 4 young (16384K), 1 survivors (4096K)
 Metaspace       used 7952K, committed 8256K, reserved 1114112K
  class space    used 988K, committed 1152K, reserved 1048576K
}
Event: 0.791 GC heap after
{Heap after GC invocations=2 (full 0):
 garbage-first heap   total 393216K, used 11233K [0x0000000683800000, 0x0000000800000000)
  region size 4096K, 1 young (4096K), 1 survivors (4096K)
 Metaspace       used 7952K, committed 8256K, reserved 1114112K
  class space    used 988K, committed 1152K, reserved 1048576K
}
Event: 2.523 GC heap before
{Heap before GC invocations=2 (full 0):
 garbage-first heap   total 393216K, used 48097K [0x0000000683800000, 0x0000000800000000)
  region size 4096K, 10 young (40960K), 1 survivors (4096K)
 Metaspace       used 15763K, committed 16192K, reserved 1114112K
  class space    used 2241K, committed 2432K, reserved 1048576K
}
Event: 2.526 GC heap after
{Heap after GC invocations=3 (full 0):
 garbage-first heap   total 393216K, used 14099K [0x0000000683800000, 0x0000000800000000)
  region size 4096K, 2 young (8192K), 2 survivors (8192K)
 Metaspace       used 15763K, committed 16192K, reserved 1114112K
  class space    used 2241K, committed 2432K, reserved 1048576K
}
Event: 2.679 GC heap before
{Heap before GC invocations=3 (full 0):
 garbage-first heap   total 393216K, used 30483K [0x0000000683800000, 0x0000000800000000)
  region size 4096K, 7 young (28672K), 2 survivors (8192K)
 Metaspace       used 19275K, committed 19648K, reserved 1114112K
  class space    used 2665K, committed 2816K, reserved 1048576K
}
Event: 2.684 GC heap after
{Heap after GC invocations=4 (full 0):
 garbage-first heap   total 393216K, used 15242K [0x0000000683800000, 0x0000000800000000)
  region size 4096K, 2 young (8192K), 2 survivors (8192K)
 Metaspace       used 19275K, committed 19648K, reserved 1114112K
  class space    used 2665K, committed 2816K, reserved 1048576K
}
Event: 3.101 GC heap before
{Heap before GC invocations=5 (full 0):
 garbage-first heap   total 69632K, used 64394K [0x0000000683800000, 0x0000000800000000)
  region size 4096K, 14 young (57344K), 2 survivors (8192K)
 Metaspace       used 25014K, committed 25472K, reserved 1114112K
  class space    used 3410K, committed 3648K, reserved 1048576K
}
Event: 3.110 GC heap after
{Heap after GC invocations=6 (full 0):
 garbage-first heap   total 81920K, used 19643K [0x0000000683800000, 0x0000000800000000)
  region size 4096K, 3 young (12288K), 3 survivors (12288K)
 Metaspace       used 25014K, committed 25472K, reserved 1114112K
  class space    used 3410K, committed 3648K, reserved 1048576K
}
Event: 3.386 GC heap before
{Heap before GC invocations=6 (full 0):
 garbage-first heap   total 81920K, used 56507K [0x0000000683800000, 0x0000000800000000)
  region size 4096K, 12 young (49152K), 3 survivors (12288K)
 Metaspace       used 27246K, committed 27712K, reserved 1114112K
  class space    used 3727K, committed 3968K, reserved 1048576K
}
Event: 3.393 GC heap after
{Heap after GC invocations=7 (full 0):
 garbage-first heap   total 237568K, used 21516K [0x0000000683800000, 0x0000000800000000)
  region size 4096K, 1 young (4096K), 1 survivors (4096K)
 Metaspace       used 27246K, committed 27712K, reserved 1114112K
  class space    used 3727K, committed 3968K, reserved 1048576K
}
Event: 3.851 GC heap before
{Heap before GC invocations=7 (full 0):
 garbage-first heap   total 237568K, used 66572K [0x0000000683800000, 0x0000000800000000)
  region size 4096K, 13 young (53248K), 1 survivors (4096K)
 Metaspace       used 32274K, committed 32768K, reserved 1114112K
  class space    used 4595K, committed 4800K, reserved 1048576K
}
Event: 3.855 GC heap after
{Heap after GC invocations=8 (full 0):
 garbage-first heap   total 237568K, used 24083K [0x0000000683800000, 0x0000000800000000)
  region size 4096K, 2 young (8192K), 2 survivors (8192K)
 Metaspace       used 32274K, committed 32768K, reserved 1114112K
  class space    used 4595K, committed 4800K, reserved 1048576K
}
Event: 4.739 GC heap before
{Heap before GC invocations=9 (full 0):
 garbage-first heap   total 98304K, used 93715K [0x0000000683800000, 0x0000000800000000)
  region size 4096K, 19 young (77824K), 2 survivors (8192K)
 Metaspace       used 40223K, committed 40896K, reserved 1114112K
  class space    used 5732K, committed 6016K, reserved 1048576K
}
Event: 4.749 GC heap after
{Heap after GC invocations=10 (full 0):
 garbage-first heap   total 110592K, used 28326K [0x0000000683800000, 0x0000000800000000)
  region size 4096K, 3 young (12288K), 3 survivors (12288K)
 Metaspace       used 40223K, committed 40896K, reserved 1114112K
  class space    used 5732K, committed 6016K, reserved 1048576K
}
Event: 5.377 GC heap before
{Heap before GC invocations=10 (full 0):
 garbage-first heap   total 110592K, used 81574K [0x0000000683800000, 0x0000000800000000)
  region size 4096K, 16 young (65536K), 3 survivors (12288K)
 Metaspace       used 49748K, committed 50432K, reserved 1114112K
  class space    used 7133K, committed 7424K, reserved 1048576K
}
Event: 5.390 GC heap after
{Heap after GC invocations=11 (full 0):
 garbage-first heap   total 110592K, used 31407K [0x0000000683800000, 0x0000000800000000)
  region size 4096K, 1 young (4096K), 1 survivors (4096K)
 Metaspace       used 49748K, committed 50432K, reserved 1114112K
  class space    used 7133K, committed 7424K, reserved 1048576K
}

Dll operation events (14 events):
Event: 0.017 Loaded shared library C:\Users\Luis Díaz\.jdks\ms-21.0.11\bin\java.dll
Event: 0.161 Loaded shared library C:\Users\Luis Díaz\.jdks\ms-21.0.11\bin\zip.dll
Event: 0.165 Loaded shared library C:\Users\Luis Díaz\.jdks\ms-21.0.11\bin\instrument.dll
Event: 0.169 Loaded shared library C:\Users\Luis Díaz\.jdks\ms-21.0.11\bin\net.dll
Event: 0.171 Loaded shared library C:\Users\Luis Díaz\.jdks\ms-21.0.11\bin\nio.dll
Event: 0.173 Loaded shared library C:\Users\Luis Díaz\.jdks\ms-21.0.11\bin\zip.dll
Event: 0.288 Loaded shared library C:\Users\Luis Díaz\.jdks\ms-21.0.11\bin\jimage.dll
Event: 0.291 Loaded shared library C:\Users\Luis Díaz\.jdks\ms-21.0.11\bin\extnet.dll
Event: 0.338 Loaded shared library C:\Users\Luis Díaz\.jdks\ms-21.0.11\bin\management.dll
Event: 0.347 Loaded shared library C:\Users\Luis Díaz\.jdks\ms-21.0.11\bin\management_ext.dll
Event: 2.930 Loaded shared library C:\Users\Luis Díaz\.jdks\ms-21.0.11\bin\sunmscapi.dll
Event: 5.143 Loaded shared library C:\Users\Luis Díaz\.jdks\ms-21.0.11\bin\verify.dll
Event: 5.709 Loaded shared library C:\Users\LUISDA~1\AppData\Local\Temp\idea_libasyncProfiler_dll_temp_folder\libasyncProfiler.dll
Event: 5.869 Unloaded dll "C:\Users\LUISDA~1\AppData\Local\Temp\idea_libasyncProfiler_dll_temp_folder\libasyncProfiler.dll" [0x00007ffdd5bd0000]

Deoptimization events (8 events):
Event: 4.206 Thread 0x000001e92728dc10 DEOPT PACKING pc=0x000001e9327cfcfc sp=0x000000af370fbc90
Event: 4.206 Thread 0x000001e92728dc10 DEOPT UNPACKING pc=0x000001e931e086e2 sp=0x000000af370fb238 mode 0
Event: 6.093 Thread 0x000001e9856a4370 DEOPT PACKING pc=0x000001e93286d69c sp=0x000000af38efee10
Event: 6.093 Thread 0x000001e9856a4370 DEOPT UNPACKING pc=0x000001e931e086e2 sp=0x000000af38efe318 mode 0
Event: 6.093 Thread 0x000001e9856a4370 DEOPT PACKING pc=0x000001e9323e259c sp=0x000000af38efeed0
Event: 6.093 Thread 0x000001e9856a4370 DEOPT UNPACKING pc=0x000001e931e086e2 sp=0x000000af38efe3a0 mode 0
Event: 6.093 Thread 0x000001e9856a4370 DEOPT PACKING pc=0x000001e9323e2f54 sp=0x000000af38efef40
Event: 6.093 Thread 0x000001e9856a4370 DEOPT UNPACKING pc=0x000001e931e086e2 sp=0x000000af38efe480 mode 0

Classes loaded (20 events):
Event: 5.847 Loading class jdk/jfr/internal/consumer/EventLog
Event: 5.847 Loading class jdk/jfr/internal/consumer/EventLog done
Event: 5.847 Loading class jdk/jfr/internal/MetadataDescriptor
Event: 5.847 Loading class jdk/jfr/internal/MetadataDescriptor done
Event: 5.848 Loading class jdk/jfr/internal/MetadataWriter
Event: 5.848 Loading class jdk/jfr/internal/MetadataWriter done
Event: 5.848 Loading class jdk/jfr/internal/MetadataDescriptor$Element
Event: 5.848 Loading class jdk/jfr/internal/MetadataDescriptor$Element done
Event: 5.848 Loading class jdk/jfr/internal/MetadataDescriptor$Attribute
Event: 5.848 Loading class jdk/jfr/internal/MetadataDescriptor$Attribute done
Event: 5.853 Loading class jdk/jfr/internal/consumer/StringParser$Encoding
Event: 5.853 Loading class jdk/jfr/internal/consumer/StringParser$Encoding done
Event: 5.859 Loading class jdk/jfr/internal/consumer/RepositoryFiles
Event: 5.859 Loading class jdk/jfr/internal/consumer/RepositoryFiles done
Event: 5.861 Loading class jdk/jfr/internal/SettingsManager$InternalSetting
Event: 5.861 Loading class jdk/jfr/internal/SettingsManager$InternalSetting done
Event: 5.862 Loading class jdk/jfr/internal/Utils$ThrottleUnit
Event: 5.862 Loading class jdk/jfr/internal/Utils$ThrottleUnit done
Event: 5.863 Loading class jdk/jfr/internal/periodic/PeriodicType
Event: 5.863 Loading class jdk/jfr/internal/periodic/PeriodicType done

Classes unloaded (0 events):
No events

Classes redefined (9 events):
Event: 5.820 Thread 0x000001e93eebad60 redefined class name=java.io.FileInputStream, count=1
Event: 5.820 Thread 0x000001e93eebad60 redefined class name=java.io.FileOutputStream, count=1
Event: 5.820 Thread 0x000001e93eebad60 redefined class name=java.io.RandomAccessFile, count=1
Event: 5.820 Thread 0x000001e93eebad60 redefined class name=sun.nio.ch.FileChannelImpl, count=1
Event: 5.820 Thread 0x000001e93eebad60 redefined class name=java.net.Socket$SocketInputStream, count=1
Event: 5.820 Thread 0x000001e93eebad60 redefined class name=java.net.Socket$SocketOutputStream, count=1
Event: 5.820 Thread 0x000001e93eebad60 redefined class name=sun.nio.ch.SocketChannelImpl, count=1
Event: 5.820 Thread 0x000001e93eebad60 redefined class name=java.lang.Throwable, count=1
Event: 5.820 Thread 0x000001e93eebad60 redefined class name=java.lang.Error, count=2

Internal exceptions (20 events):
Event: 4.554 Thread 0x000001e92728dc10 Exception <a 'java/lang/NoSuchMethodError'{0x0000000685d7ef48}: 'int java.lang.invoke.DelegatingMethodHandle$Holder.reinvoke_L(java.lang.Object, java.lang.Object, java.lang.Object, java.lang.Object)'> (0x0000000685d7ef48) 
thrown [s\src\hotspot\share\interpreter\linkResolver.cpp, line 773]
Event: 4.603 Thread 0x000001e92728dc10 Exception <a 'java/io/FileNotFoundException'{0x000000068587b428}> (0x000000068587b428) 
thrown [s\src\hotspot\share\prims\jni.cpp, line 520]
Event: 4.634 Thread 0x000001e92728dc10 Exception <a 'java/lang/NoSuchMethodError'{0x00000006854a3048}: 'int java.lang.invoke.DirectMethodHandle$Holder.invokeInterface(java.lang.Object, java.lang.Object, java.lang.Object, java.lang.Object)'> (0x00000006854a3048) 
thrown [s\src\hotspot\share\interpreter\linkResolver.cpp, line 773]
Event: 4.672 Thread 0x000001e92728dc10 Exception <a 'java/lang/NoSuchMethodError'{0x00000006850be1d0}: 'java.lang.Object java.lang.invoke.DirectMethodHandle$Holder.invokeStaticInit(java.lang.Object, java.lang.Object, java.lang.Object, java.lang.Object)'> (0x00000006850be1d0) 
thrown [s\src\hotspot\share\interpreter\linkResolver.cpp, line 773]
Event: 4.674 Thread 0x000001e92728dc10 Exception <a 'java/lang/IncompatibleClassChangeError'{0x00000006850d4fd0}: Found class java.lang.Object, but interface was expected> (0x00000006850d4fd0) 
thrown [s\src\hotspot\share\interpreter\linkResolver.cpp, line 840]
Event: 4.674 Thread 0x000001e92728dc10 Exception <a 'java/lang/IncompatibleClassChangeError'{0x00000006850e2c60}: Found class java.lang.Object, but interface was expected> (0x00000006850e2c60) 
thrown [s\src\hotspot\share\interpreter\linkResolver.cpp, line 840]
Event: 4.676 Thread 0x000001e92728dc10 Exception <a 'java/lang/IncompatibleClassChangeError'{0x000000068511ccf0}: Found class java.lang.Object, but interface was expected> (0x000000068511ccf0) 
thrown [s\src\hotspot\share\interpreter\linkResolver.cpp, line 840]
Event: 4.796 Thread 0x000001e92728dc10 Exception <a 'java/lang/NoSuchMethodError'{0x000000068ec9a3c8}: 'void java.lang.invoke.DirectMethodHandle$Holder.invokeInterface(java.lang.Object, java.lang.Object, int, java.lang.Object)'> (0x000000068ec9a3c8) 
thrown [s\src\hotspot\share\interpreter\linkResolver.cpp, line 773]
Event: 4.797 Thread 0x000001e92728dc10 Exception <a 'java/lang/NoSuchMethodError'{0x000000068ec9e038}: 'void java.lang.invoke.DelegatingMethodHandle$Holder.reinvoke_L(java.lang.Object, java.lang.Object, int, java.lang.Object)'> (0x000000068ec9e038) 
thrown [s\src\hotspot\share\interpreter\linkResolver.cpp, line 773]
Event: 4.809 Thread 0x000001e92728dc10 Exception <a 'java/lang/NoSuchMethodError'{0x000000068ed6f6a0}: 'java.lang.Object java.lang.invoke.DirectMethodHandle$Holder.invokeStatic(java.lang.Object, java.lang.Object, int, java.lang.Object)'> (0x000000068ed6f6a0) 
thrown [s\src\hotspot\share\interpreter\linkResolver.cpp, line 773]
Event: 4.809 Thread 0x000001e92728dc10 Exception <a 'java/lang/NoSuchMethodError'{0x000000068ed75dc0}: 'java.lang.Object java.lang.invoke.DirectMethodHandle$Holder.newInvokeSpecial(java.lang.Object, java.lang.Object, int)'> (0x000000068ed75dc0) 
thrown [s\src\hotspot\share\interpreter\linkResolver.cpp, line 773]
Event: 4.840 Thread 0x000001e92728dc10 Exception <a 'java/lang/NoSuchMethodError'{0x000000068efc6980}: 'void java.lang.invoke.Invokers$Holder.invokeExact_MT(java.lang.Object, java.lang.Object, java.lang.Object, java.lang.Object)'> (0x000000068efc6980) 
thrown [s\src\hotspot\share\interpreter\linkResolver.cpp, line 773]
Event: 4.840 Thread 0x000001e92728dc10 Exception <a 'java/lang/NoSuchMethodError'{0x000000068efcdd78}: 'void java.lang.invoke.Invokers$Holder.invokeExact_MT(java.lang.Object, java.lang.Object, int, java.lang.Object)'> (0x000000068efcdd78) 
thrown [s\src\hotspot\share\interpreter\linkResolver.cpp, line 773]
Event: 4.912 Thread 0x000001e92728dc10 Exception <a 'java/lang/NoSuchMethodError'{0x00000006886acf18}: 'java.lang.Object java.lang.invoke.DirectMethodHandle$Holder.newInvokeSpecial(java.lang.Object, java.lang.Object, java.lang.Object, java.lang.Object, java.lang.Object, java.lang.Object, java.lang.Object, java.lang.Object, java.lang.Object, java.lang.Object, java.lang.Object)'> (0x00000006886acf18) 
thrown [s\src\hotspot\share\interpreter\linkResolver.cpp, line 773]
Event: 4.975 Thread 0x000001e92728dc10 Exception <a 'java/lang/NoSuchMethodError'{0x000000068837ee80}: 'void java.lang.invoke.DelegatingMethodHandle$Holder.reinvoke_L(java.lang.Object, java.lang.Object, java.lang.Object, java.lang.Object, int, java.lang.Object, java.lang.Object, java.lang.Object)'> (0x000000068837ee80) 
thrown [s\src\hotspot\share\interpreter\linkResolver.cpp, line 773]
Event: 5.431 Thread 0x000001e92728dc10 Exception <a 'sun/nio/fs/WindowsException'{0x000000069b753ff8}> (0x000000069b753ff8) 
thrown [s\src\hotspot\share\prims\jni.cpp, line 520]
Event: 5.741 Thread 0x000001e93fba76c0 Exception <a 'java/lang/NoSuchMethodError'{0x000000068ede9408}: 'void java.lang.invoke.DirectMethodHandle$Holder.invokeStaticInit(java.lang.Object)'> (0x000000068ede9408) 
thrown [s\src\hotspot\share\interpreter\linkResolver.cpp, line 773]
Event: 5.842 Thread 0x000001e93fba76c0 Exception <a 'sun/nio/fs/WindowsException'{0x0000000689263120}> (0x0000000689263120) 
thrown [s\src\hotspot\share\prims\jni.cpp, line 520]
Event: 5.844 Thread 0x000001e93fba76c0 Exception <a 'sun/nio/fs/WindowsException'{0x000000068926aca8}> (0x000000068926aca8) 
thrown [s\src\hotspot\share\prims\jni.cpp, line 520]
Event: 5.846 Thread 0x000001e93fba76c0 Exception <a 'sun/nio/fs/WindowsException'{0x00000006892725a0}> (0x00000006892725a0) 
thrown [s\src\hotspot\share\prims\jni.cpp, line 520]

ZGC Phase Switch (0 events):
No events

VM Operations (20 events):
Event: 4.839 Executing non-safepoint VM operation: HandshakeAllThreads (Deoptimize)
Event: 4.839 Executing non-safepoint VM operation: HandshakeAllThreads (Deoptimize) done
Event: 5.017 Executing non-safepoint VM operation: HandshakeAllThreads (Deoptimize)
Event: 5.017 Executing non-safepoint VM operation: HandshakeAllThreads (Deoptimize) done
Event: 5.377 Executing safepoint VM operation: G1CollectForAllocation (G1 Evacuation Pause)
Event: 5.390 Executing safepoint VM operation: G1CollectForAllocation (G1 Evacuation Pause) done
Event: 5.428 Executing non-safepoint VM operation: HandshakeAllThreads (Deoptimize)
Event: 5.428 Executing non-safepoint VM operation: HandshakeAllThreads (Deoptimize) done
Event: 5.432 Executing non-safepoint VM operation: HandshakeAllThreads (Deoptimize)
Event: 5.432 Executing non-safepoint VM operation: HandshakeAllThreads (Deoptimize) done
Event: 5.435 Executing non-safepoint VM operation: HandshakeAllThreads (Deoptimize)
Event: 5.435 Executing non-safepoint VM operation: HandshakeAllThreads (Deoptimize) done
Event: 5.780 Executing non-safepoint VM operation: HandshakeAllThreads (Deoptimize)
Event: 5.780 Executing non-safepoint VM operation: HandshakeAllThreads (Deoptimize) done
Event: 5.783 Executing non-safepoint VM operation: HandshakeAllThreads (Deoptimize)
Event: 5.783 Executing non-safepoint VM operation: HandshakeAllThreads (Deoptimize) done
Event: 5.816 Executing safepoint VM operation: RedefineClasses
Event: 5.836 Executing safepoint VM operation: RedefineClasses done
Event: 5.859 Executing safepoint VM operation: JFRSafepointClear
Event: 5.859 Executing safepoint VM operation: JFRSafepointClear done

Memory protections (0 events):
No events

Nmethod flushes (20 events):
Event: 3.865 Thread 0x000001e93eebad60 flushing  nmethod 0x000001e93222d190
Event: 3.865 Thread 0x000001e93eebad60 flushing  nmethod 0x000001e932033110
Event: 3.865 Thread 0x000001e93eebad60 flushing  nmethod 0x000001e93205b690
Event: 3.865 Thread 0x000001e93eebad60 flushing  nmethod 0x000001e932086410
Event: 3.865 Thread 0x000001e93eebad60 flushing  nmethod 0x000001e932170010
Event: 3.865 Thread 0x000001e93eebad60 flushing  nmethod 0x000001e932179e10
Event: 3.865 Thread 0x000001e93eebad60 flushing  nmethod 0x000001e9321d4410
Event: 3.865 Thread 0x000001e93eebad60 flushing  nmethod 0x000001e9321f5b90
Event: 3.865 Thread 0x000001e93eebad60 flushing  nmethod 0x000001e9321f6310
Event: 3.865 Thread 0x000001e93eebad60 flushing  nmethod 0x000001e9321f7a10
Event: 3.865 Thread 0x000001e93eebad60 flushing  nmethod 0x000001e93236ba10
Event: 3.865 Thread 0x000001e93eebad60 flushing  nmethod 0x000001e93236c690
Event: 3.865 Thread 0x000001e93eebad60 flushing  nmethod 0x000001e93205c390
Event: 3.865 Thread 0x000001e93eebad60 flushing  nmethod 0x000001e93207c510
Event: 3.865 Thread 0x000001e93eebad60 flushing  nmethod 0x000001e9321da190
Event: 3.865 Thread 0x000001e93eebad60 flushing  nmethod 0x000001e9321dc690
Event: 3.865 Thread 0x000001e93eebad60 flushing  nmethod 0x000001e932276410
Event: 3.865 Thread 0x000001e93eebad60 flushing  nmethod 0x000001e932294810
Event: 3.865 Thread 0x000001e93eebad60 flushing  nmethod 0x000001e932294e10
Event: 3.865 Thread 0x000001e93eebad60 flushing  nmethod 0x000001e93231c310

Events (20 events):
Event: 2.937 Thread 0x000001e98eb0a920 Thread exited: 0x000001e98eb0a920
Event: 3.061 Thread 0x000001e9856a4370 Thread added: 0x000001e98fa8fdb0
Event: 3.064 Thread 0x000001e98fa8fdb0 Thread exited: 0x000001e98fa8fdb0
Event: 3.565 Thread 0x000001e9856a4370 Thread added: 0x000001e98fa8e370
Event: 3.568 Thread 0x000001e98fa8e370 Thread exited: 0x000001e98fa8e370
Event: 4.070 Thread 0x000001e9856a4370 Thread added: 0x000001e990011ac0
Event: 4.074 Thread 0x000001e990011ac0 Thread exited: 0x000001e990011ac0
Event: 4.577 Thread 0x000001e9856a4370 Thread added: 0x000001e990012e70
Event: 4.581 Thread 0x000001e990012e70 Thread exited: 0x000001e990012e70
Event: 4.879 Thread 0x000001e92728dc10 Thread added: 0x000001e990013500
Event: 5.084 Thread 0x000001e9856a4370 Thread added: 0x000001e990010080
Event: 5.086 Thread 0x000001e990010080 Thread exited: 0x000001e990010080
Event: 5.588 Thread 0x000001e9856a4370 Thread added: 0x000001e990011ac0
Event: 5.591 Thread 0x000001e990011ac0 Thread exited: 0x000001e990011ac0
Event: 5.739 Thread 0x000001e93fba76c0 Thread added: 0x000001e990011ac0
Event: 5.838 Thread 0x000001e93fba76c0 Thread added: 0x000001e990012e70
Event: 5.842 Thread 0x000001e93fbc3e10 Thread added: 0x000001e9927ee890
Event: 6.094 Thread 0x000001e9856a4370 Thread added: 0x000001e990012150
Event: 6.098 Thread 0x000001e990012150 Thread exited: 0x000001e990012150
Event: 6.337 Thread 0x000001e98ea9dc60 Thread exited: 0x000001e98ea9dc60


Dynamic libraries:
0x00007ff737cc0000 - 0x00007ff737cce000 	C:\Users\Luis Díaz\.jdks\ms-21.0.11\bin\java.exe
0x00007ffe4eea0000 - 0x00007ffe4f107000 	C:\WINDOWS\SYSTEM32\ntdll.dll
0x00007ffe4d960000 - 0x00007ffe4da29000 	C:\WINDOWS\System32\KERNEL32.DLL
0x00007ffe4c760000 - 0x00007ffe4cb57000 	C:\WINDOWS\System32\KERNELBASE.dll
0x00007ffe4c2b0000 - 0x00007ffe4c3fb000 	C:\WINDOWS\System32\ucrtbase.dll
0x00007ffe318b0000 - 0x00007ffe318ce000 	C:\Users\Luis Díaz\.jdks\ms-21.0.11\bin\VCRUNTIME140.dll
0x00007ffe31cd0000 - 0x00007ffe31ce8000 	C:\Users\Luis Díaz\.jdks\ms-21.0.11\bin\jli.dll
0x00007ffe4e330000 - 0x00007ffe4e4f6000 	C:\WINDOWS\System32\USER32.dll
0x00007ffe2ded0000 - 0x00007ffe2e162000 	C:\WINDOWS\WinSxS\amd64_microsoft.windows.common-controls_6595b64144ccf1df_6.0.26100.8457_none_3e0b2faee331e92d\COMCTL32.dll
0x00007ffe4cb60000 - 0x00007ffe4cb87000 	C:\WINDOWS\System32\win32u.dll
0x00007ffe4d850000 - 0x00007ffe4d8f9000 	C:\WINDOWS\System32\msvcrt.dll
0x00007ffe4e260000 - 0x00007ffe4e28b000 	C:\WINDOWS\System32\GDI32.dll
0x00007ffe4c4b0000 - 0x00007ffe4c5dc000 	C:\WINDOWS\System32\gdi32full.dll
0x00007ffe4c200000 - 0x00007ffe4c2a3000 	C:\WINDOWS\System32\msvcp_win.dll
0x00007ffe4dc20000 - 0x00007ffe4dc52000 	C:\WINDOWS\System32\IMM32.DLL
0x00007ffe38ec0000 - 0x00007ffe38ecc000 	C:\Users\Luis Díaz\.jdks\ms-21.0.11\bin\vcruntime140_1.dll
0x00007ffe1d8f0000 - 0x00007ffe1d979000 	C:\Users\Luis Díaz\.jdks\ms-21.0.11\bin\msvcp140.dll
0x00007ffcf4290000 - 0x00007ffcf503e000 	C:\Users\Luis Díaz\.jdks\ms-21.0.11\bin\server\jvm.dll
0x00007ffe4d490000 - 0x00007ffe4d546000 	C:\WINDOWS\System32\ADVAPI32.dll
0x00007ffe4dd60000 - 0x00007ffe4de07000 	C:\WINDOWS\System32\sechost.dll
0x00007ffe4d550000 - 0x00007ffe4d668000 	C:\WINDOWS\System32\RPCRT4.dll
0x00007ffe4e290000 - 0x00007ffe4e310000 	C:\WINDOWS\System32\WS2_32.dll
0x00007ffe4a4f0000 - 0x00007ffe4a54e000 	C:\WINDOWS\SYSTEM32\POWRPROF.dll
0x00007ffe35910000 - 0x00007ffe35946000 	C:\WINDOWS\SYSTEM32\WINMM.dll
0x00007ffe3e7d0000 - 0x00007ffe3e7db000 	C:\WINDOWS\SYSTEM32\VERSION.dll
0x00007ffe4a4d0000 - 0x00007ffe4a4e4000 	C:\WINDOWS\SYSTEM32\UMPDC.dll
0x00007ffe4a780000 - 0x00007ffe4a79b000 	C:\WINDOWS\SYSTEM32\kernel.appcore.dll
0x00007ffe382b0000 - 0x00007ffe382ba000 	C:\Users\Luis Díaz\.jdks\ms-21.0.11\bin\jimage.dll
0x00007ffe49650000 - 0x00007ffe49892000 	C:\WINDOWS\SYSTEM32\DBGHELP.DLL
0x00007ffe4ded0000 - 0x00007ffe4e253000 	C:\WINDOWS\System32\combase.dll
0x00007ffe4db40000 - 0x00007ffe4dc19000 	C:\WINDOWS\System32\OLEAUT32.dll
0x00007ffe39d30000 - 0x00007ffe39d6b000 	C:\WINDOWS\SYSTEM32\dbgcore.DLL
0x00007ffe4c400000 - 0x00007ffe4c4a8000 	C:\WINDOWS\System32\bcryptPrimitives.dll
0x00007ffe37740000 - 0x00007ffe37750000 	C:\Users\Luis Díaz\.jdks\ms-21.0.11\bin\instrument.dll
0x00007ffe1d8c0000 - 0x00007ffe1d8e1000 	C:\Users\Luis Díaz\.jdks\ms-21.0.11\bin\java.dll
0x00007ffe4e500000 - 0x00007ffe4ec6e000 	C:\WINDOWS\System32\SHELL32.dll
0x00007ffe4b8d0000 - 0x00007ffe4c13c000 	C:\WINDOWS\System32\windows.storage.dll
0x00007ffe4d390000 - 0x00007ffe4d486000 	C:\WINDOWS\System32\SHCORE.dll
0x00007ffe4da30000 - 0x00007ffe4da96000 	C:\WINDOWS\System32\shlwapi.dll
0x00007ffe4b7f0000 - 0x00007ffe4b819000 	C:\WINDOWS\SYSTEM32\profapi.dll
0x00007ffe30440000 - 0x00007ffe30458000 	C:\Users\Luis Díaz\.jdks\ms-21.0.11\bin\zip.dll
0x00007ffe311c0000 - 0x00007ffe311d1000 	C:\Users\Luis Díaz\.jdks\ms-21.0.11\bin\net.dll
0x00007ffe41620000 - 0x00007ffe41749000 	C:\WINDOWS\SYSTEM32\WINHTTP.dll
0x00007ffe4acf0000 - 0x00007ffe4ad5c000 	C:\WINDOWS\system32\mswsock.dll
0x00007ffe30480000 - 0x00007ffe30496000 	C:\Users\Luis Díaz\.jdks\ms-21.0.11\bin\nio.dll
0x00007ffe2ff00000 - 0x00007ffe2ff09000 	C:\Users\Luis Díaz\.jdks\ms-21.0.11\bin\extnet.dll
0x00007ffe4a190000 - 0x00007ffe4a2c2000 	C:\WINDOWS\SYSTEM32\DNSAPI.dll
0x00007ffe4a100000 - 0x00007ffe4a132000 	C:\WINDOWS\SYSTEM32\IPHLPAPI.DLL
0x00007ffe4e320000 - 0x00007ffe4e32a000 	C:\WINDOWS\System32\NSI.dll
0x00007ffe41de0000 - 0x00007ffe41deb000 	C:\Windows\System32\rasadhlp.dll
0x00007ffe3f220000 - 0x00007ffe3f2a6000 	C:\WINDOWS\System32\fwpuclnt.dll
0x00007ffe2fef0000 - 0x00007ffe2fefa000 	C:\Users\Luis Díaz\.jdks\ms-21.0.11\bin\management.dll
0x00007ffe1ef10000 - 0x00007ffe1ef1c000 	C:\Users\Luis Díaz\.jdks\ms-21.0.11\bin\management_ext.dll
0x00007ffe4cc70000 - 0x00007ffe4cc78000 	C:\WINDOWS\System32\PSAPI.DLL
0x00007ffe4afd0000 - 0x00007ffe4afeb000 	C:\WINDOWS\SYSTEM32\CRYPTSP.dll
0x00007ffe4a6e0000 - 0x00007ffe4a719000 	C:\WINDOWS\system32\rsaenh.dll
0x00007ffe4ada0000 - 0x00007ffe4add3000 	C:\WINDOWS\SYSTEM32\USERENV.dll
0x00007ffe4b7c0000 - 0x00007ffe4b7ea000 	C:\WINDOWS\SYSTEM32\bcrypt.dll
0x00007ffe4aff0000 - 0x00007ffe4affc000 	C:\WINDOWS\SYSTEM32\CRYPTBASE.dll
0x00007ffe1cbe0000 - 0x00007ffe1cbf8000 	C:\WINDOWS\system32\napinsp.dll
0x00007ffe1cbc0000 - 0x00007ffe1cbd3000 	C:\WINDOWS\System32\winrnr.dll
0x00007ffe1cb90000 - 0x00007ffe1cbb2000 	C:\WINDOWS\system32\nlansp_c.dll
0x00007ffe41810000 - 0x00007ffe41826000 	C:\WINDOWS\system32\wshbth.dll
0x00007ffe1f840000 - 0x00007ffe1f896000 	C:\WINDOWS\SYSTEM32\pdh.dll
0x00007ffdc13b0000 - 0x00007ffdc13c2000 	C:\WINDOWS\System32\perfproc.dll
0x00007ffe0d120000 - 0x00007ffe0d131000 	C:\WINDOWS\System32\perfos.dll
0x00007ffe49070000 - 0x00007ffe49082000 	C:\WINDOWS\SYSTEM32\pfclient.dll
0x00007ffe31cc0000 - 0x00007ffe31cce000 	C:\Users\Luis Díaz\.jdks\ms-21.0.11\bin\sunmscapi.dll
0x00007ffe4c5e0000 - 0x00007ffe4c758000 	C:\WINDOWS\System32\CRYPT32.dll
0x00007ffe4b1f0000 - 0x00007ffe4b220000 	C:\WINDOWS\SYSTEM32\ncrypt.dll
0x00007ffe4b1a0000 - 0x00007ffe4b1df000 	C:\WINDOWS\SYSTEM32\NTASN1.dll
0x00007ffe1ec10000 - 0x00007ffe1ec20000 	C:\Users\Luis Díaz\.jdks\ms-21.0.11\bin\verify.dll

JVMTI agents:
C:\Users\Luis Díaz\AppData\Local\Programs\IntelliJ IDEA\lib\idea_rt.jar path:C:\Users\Luis Díaz\.jdks\ms-21.0.11\bin\instrument.dll, loaded, initialized, instrumentlib options:53699

dbghelp: loaded successfully - version: 4.0.5 - missing functions: none
symbol engine: initialized successfully - sym options: 0x614 - pdb path: .;C:\Users\Luis Díaz\.jdks\ms-21.0.11\bin;C:\WINDOWS\SYSTEM32;C:\WINDOWS\WinSxS\amd64_microsoft.windows.common-controls_6595b64144ccf1df_6.0.26100.8457_none_3e0b2faee331e92d;C:\Users\Luis Díaz\.jdks\ms-21.0.11\bin\server;C:\Users\LUISDA~1\AppData\Local\Temp\idea_libasyncProfiler_dll_temp_folder

VM Arguments:
jvm_args: -XX:TieredStopAtLevel=1 -Dspring.output.ansi.enabled=always -Dcom.sun.management.jmxremote -Dspring.jmx.enabled=true -Dspring.liveBeansView.mbeanDomain -Dspring.application.admin.enabled=true -Dmanagement.endpoints.jmx.exposure.include=* -javaagent:C:\Users\Luis Díaz\AppData\Local\Programs\IntelliJ IDEA\lib\idea_rt.jar=53699 -Dfile.encoding=UTF-8 -Dsun.stdout.encoding=UTF-8 -Dsun.stderr.encoding=UTF-8 
java_command: com.pe.platform.MsIamApplication
java_class_path (initial): D:\ciclo_7\fundamentos\Nueva carpeta\car2go-microservicios\car2go-ms\ms-iam\target\classes;C:\Users\Luis Díaz\.m2\repository\org\springframework\boot\spring-boot-starter-data-jpa\3.3.4\spring-boot-starter-data-jpa-3.3.4.jar;C:\Users\Luis Díaz\.m2\repository\org\springframework\boot\spring-boot-starter-aop\3.3.4\spring-boot-starter-aop-3.3.4.jar;C:\Users\Luis Díaz\.m2\repository\org\aspectj\aspectjweaver\1.9.22.1\aspectjweaver-1.9.22.1.jar;C:\Users\Luis Díaz\.m2\repository\org\springframework\boot\spring-boot-starter-jdbc\3.3.4\spring-boot-starter-jdbc-3.3.4.jar;C:\Users\Luis Díaz\.m2\repository\com\zaxxer\HikariCP\5.1.0\HikariCP-5.1.0.jar;C:\Users\Luis Díaz\.m2\repository\org\springframework\spring-jdbc\6.1.13\spring-jdbc-6.1.13.jar;C:\Users\Luis Díaz\.m2\repository\org\hibernate\orm\hibernate-core\6.5.3.Final\hibernate-core-6.5.3.Final.jar;C:\Users\Luis Díaz\.m2\repository\jakarta\persistence\jakarta.persistence-api\3.1.0\jakarta.persistence-api-3.1.0.jar;C:\Users\Luis Díaz\.m2\repository\jakarta\transaction\jakarta.transaction-api\2.0.1\jakarta.transaction-api-2.0.1.jar;C:\Users\Luis Díaz\.m2\repository\org\jboss\logging\jboss-logging\3.5.3.Final\jboss-logging-3.5.3.Final.jar;C:\Users\Luis Díaz\.m2\repository\org\hibernate\common\hibernate-commons-annotations\6.0.6.Final\hibernate-commons-annotations-6.0.6.Final.jar;C:\Users\Luis Díaz\.m2\repository\io\smallrye\jandex\3.1.2\jandex-3.1.2.jar;C:\Users\Luis Díaz\.m2\repository\com\fasterxml\classmate\1.7.0\classmate-1.7.0.jar;C:\Users\Luis Díaz\.m2\repository\net\bytebuddy\byte-buddy\1.14.19\byte-buddy-1.14.19.jar;C:\Users\Luis Díaz\.m2\repository\org\glassfish\jaxb\jaxb-runtime\4.0.5\jaxb-runtime-4.0.5.jar;C:\Users\Luis Díaz\.m2\repository\org\glassfish\jaxb\jaxb-core\4.0.5\jaxb-core-4.0.5.jar;C:\Users\Luis Díaz\.m2\repository\org\eclipse\angus\angus-activation\2.0.2\angus-activation-2.0.2.jar;C:\Users\Luis Díaz\.m2\repository\org\glassfish\jaxb\txw2\4.0.5\txw2-4.0.5.jar;C:\Users\Luis Díaz\.m2\repository\com\sun\istack\istack-commons-runtime\4.1.2\istack-commons-runtime-4.1.2.jar;C:\Users\Luis Díaz\.m2\repository\jakarta\inject\jakarta.inject-api\2.0.1\jakarta.inject-api-2.0.1.jar;C:\Users\Luis Díaz\.m2\repository\org\antlr\antlr4-runtime\4.13.0\antlr4-runtime-4.13.0.jar;C:\Users\Luis Díaz\.m2\repository\org\springframework\data\spring-data-jpa\3.3.4\spring-data-jpa-3.3.4.jar;C:\Users\Luis Díaz\.m2\repository\org\springframework\data\spring-data-commons\3.3.4\spring-data-commons-3.3.4.jar;C:\Users\Luis Díaz\.m2\repository\org\springframework\spring-orm\6.1.13\spring-orm-6.1.13.jar;C:\Users\Luis Díaz\.m2\repository\org\springframework\spring-context\6.1.13\spring-context-6.1.13.jar;C:\Users\Luis Díaz\.m2\repository\org\springframework\spring-tx\6.1.13\spring-tx-6.1.13.jar;C:\Users\Luis Díaz\.m2\repository\org\springframework\spring-beans\6.1.13\spring-beans-6.1.13.jar;C:\Users\Luis Díaz\.m2\repository\jakarta\annotation\jakarta.annotation-api\2.1.1\jakarta.annotation-api-2.1.1.jar;C:\Users\Luis Díaz\.m2\repository\org\slf4j\slf4j-api\2.0.16\slf4j-api-2.0.16.jar;C:\Users\Luis Díaz\.m2\repository\org\springframework\spring-aspects\6.1.13\spring-aspects-6.1.13.jar;C:\Users\Luis Díaz\.m2\repository\org\springframework\boot\spring-boot-starter-validation\3.3.4\spring-boot-starter-validation-3.3.4.jar;C:\Users\Luis Díaz\.m2\repository\org\springframework\boot\spring-boot-starter\3.3.4\spring-boot-starter-3.3.4.jar;C:\Users\Luis Díaz\.m2\repository\org\springframework\boot\spring-boot\3.3.4\spring-boot-3.3.4.jar;C:\Users\Luis Díaz\.m2\repository\org\springframework\boot\spring-boot-autoconfigure\3.3.4\spring-boot-autoconfigure-3.3.4.jar;C:\Users\Luis Díaz\.m2\repository\org\springframework\boot\spring-boot-starter-logging\3.3.4\spring-boot-starter-logging-3.3.4.jar;C:\Users\Luis Díaz\.m2\repository\ch\qos\logback\logback-classic\1.5.8\logback-classic-1.5.8.jar;C:\Users\Luis Díaz\.m2\repository\ch\qos\logback\logback-core\1.5.8\logback-core-1.5.8.jar;C:\Users\Luis Díaz\.m2\repository\org\apache\logging\log4j\log4j-to-slf4j\2.23.1\log4j-to-slf4j-2.23.1.jar;C:\Users\Luis Díaz\.m2\repository\org\apache\logging\log4j\log4j-api\2.23.1\log4j-api-2.23.1.jar;C:\Users\Luis Díaz\.m2\repository\org\slf4j\jul-to-slf4j\2.0.16\jul-to-slf4j-2.0.16.jar;C:\Users\Luis Díaz\.m2\repository\org\yaml\snakeyaml\2.2\snakeyaml-2.2.jar;C:\Users\Luis Díaz\.m2\repository\org\apache\tomcat\embed\tomcat-embed-el\10.1.30\tomcat-embed-el-10.1.30.jar;C:\Users\Luis Díaz\.m2\repository\org\hibernate\validator\hibernate-validator\8.0.1.Final\hibernate-validator-8.0.1.Final.jar;C:\Users\Luis Díaz\.m2\repository\jakarta\validation\jakarta.validation-api\3.0.2\jakarta.validation-api-3.0.2.jar;C:\Users\Luis Díaz\.m2\repository\org\springframework\boot\spring-boot-starter-web\3.3.4\spring-boot-starter-web-3.3.4.jar;C:\Users\Luis Díaz\.m2\repository\org\springframework\boot\spring-boot-starter-json\3.3.4\spring-boot-starter-json-3.3.4.jar;C:\Users\Luis Díaz\.m2\repository\com\fasterxml\jackson\datatype\jackson-datatype-jdk8\2.17.2\jackson-datatype-jdk8-2.17.2.jar;C:\Users\Luis Díaz\.m2\repository\com\fasterxml\jackson\datatype\jackson-datatype-jsr310\2.17.2\jackson-datatype-jsr310-2.17.2.jar;C:\Users\Luis Díaz\.m2\repository\com\fasterxml\jackson\module\jackson-module-parameter-names\2.17.2\jackson-module-parameter-names-2.17.2.jar;C:\Users\Luis Díaz\.m2\repository\org\springframework\boot\spring-boot-starter-tomcat\3.3.4\spring-boot-starter-tomcat-3.3.4.jar;C:\Users\Luis Díaz\.m2\repository\org\apache\tomcat\embed\tomcat-embed-core\10.1.30\tomcat-embed-core-10.1.30.jar;C:\Users\Luis Díaz\.m2\repository\org\apache\tomcat\embed\tomcat-embed-websocket\10.1.30\tomcat-embed-websocket-10.1.30.jar;C:\Users\Luis Díaz\.m2\repository\org\springframework\spring-web\6.1.13\spring-web-6.1.13.jar;C:\Users\Luis Díaz\.m2\repository\org\springframework\spring-webmvc\6.1.13\spring-webmvc-6.1.13.jar;C:\Users\Luis Díaz\.m2\repository\org\springframework\spring-expression\6.1.13\spring-expression-6.1.13.jar;C:\Users\Luis Díaz\.m2\repository\org\springframework\boot\spring-boot-starter-security\3.3.4\spring-boot-starter-security-3.3.4.jar;C:\Users\Luis Díaz\.m2\repository\org\springframework\spring-aop\6.1.13\spring-aop-6.1.13.jar;C:\Users\Luis Díaz\.m2\repository\org\springframework\security\spring-security-config\6.3.3\spring-security-config-6.3.3.jar;C:\Users\Luis Díaz\.m2\repository\org\springframework\security\spring-security-web\6.3.3\spring-security-web-6.3.3.jar;C:\Users\Luis Díaz\.m2\repository\org\springframework\cloud\spring-cloud-starter-netflix-eureka-client\4.1.3\spring-cloud-starter-netflix-eureka-client-4.1.3.jar;C:\Users\Luis Díaz\.m2\repository\org\springframework\cloud\spring-cloud-starter\4.1.4\spring-cloud-starter-4.1.4.jar;C:\Users\Luis Díaz\.m2\repository\org\springframework\cloud\spring-cloud-context\4.1.4\spring-cloud-context-4.1.4.jar;C:\Users\Luis Díaz\.m2\repository\org\springframework\cloud\spring-cloud-commons\4.1.4\spring-cloud-commons-4.1.4.jar;C:\Users\Luis Díaz\.m2\repository\org\springframework\security\spring-security-rsa\1.1.3\spring-security-rsa-1.1.3.jar;C:\Users\Luis Díaz\.m2\repository\org\bouncycastle\bcprov-jdk18on\1.78\bcprov-jdk18on-1.78.jar;C:\Users\Luis Díaz\.m2\repository\org\springframework\cloud\spring-cloud-netflix-eureka-client\4.1.3\spring-cloud-netflix-eureka-client-4.1.3.jar;C:\Users\Luis Díaz\.m2\repository\org\apache\httpcomponents\client5\httpclient5\5.3.1\httpclient5-5.3.1.jar;C:\Users\Luis Díaz\.m2\repository\org\apache\httpcomponents\core5\httpcore5\5.2.5\httpcore5-5.2.5.jar;C:\Users\Luis Díaz\.m2\repository\org\apache\httpcomponents\core5\httpcore5-h2\5.2.5\httpcore5-h2-5.2.5.jar;C:\Users\Luis Díaz\.m2\repository\com\netflix\eureka\eureka-client\2.0.3\eureka-client-2.0.3.jar;C:\Users\Luis Díaz\.m2\repository\com\thoughtworks\xstream\xstream\1.4.20\xstream-1.4.20.jar;C:\Users\Luis Díaz\.m2\repository\io\github\x-stream\mxparser\1.2.2\mxparser-1.2.2.jar;C:\Users\Luis Díaz\.m2\repository\xmlpull\xmlpull\1.1.3.1\xmlpull-1.1.3.1.jar;C:\Users\Luis Díaz\.m2\repository\jakarta\ws\rs\jakarta.ws.rs-api\3.1.0\jakarta.ws.rs-api-3.1.0.jar;C:\Users\Luis Díaz\.m2\repository\com\netflix\spectator\spectator-api\1.7.3\spectator-api-1.7.3.jar;C:\Users\Luis Díaz\.m2\repository\org\apache\httpcomponents\httpclient\4.5.3\httpclient-4.5.3.jar;C:\Users\Luis Díaz\.m2\repository\org\apache\httpcomponents\httpcore\4.4.16\httpcore-4.4.16.jar;C:\Users\Luis Díaz\.m2\repository\commons-codec\commons-codec\1.16.1\commons-codec-1.16.1.jar;C:\Users\Luis Díaz\.m2\repository\commons-configuration\commons-configuration\1.10\commons-configuration-1.10.jar;C:\Users\Luis Díaz\.m2\repository\commons-lang\commons-lang\2.6\commons-lang-2.6.jar;C:\Users\Luis Díaz\.m2\repository\com\fasterxml\jackson\core\jackson-annotations\2.17.2\jackson-annotations-2.17.2.jar;C:\Users\Luis Díaz\.m2\repository\com\fasterxml\jackson\core\jackson-core\2.17.2\jackson-core-2.17.2.jar;C:\Users\Luis Díaz\.m2\repository\com\netflix\netflix-commons\netflix-eventbus\0.3.0\netflix-eventbus-0.3.0.jar;C:\Users\Luis Díaz\.m2\repository\com\netflix\netflix-commons\netflix-infix\0.3.0\netflix-infix-0.3.0.jar;C:\Users\Luis Díaz\.m2\repository\commons-jxpath\commons-jxpath\1.3\commons-jxpath-1.3.jar;C:\Users\Luis Díaz\.m2\repository\joda-time\joda-time\2.3\joda-time-2.3.jar;C:\Users\Luis Díaz\.m2\repository\org\antlr\antlr-runtime\3.4\antlr-runtime-3.4.jar;C:\Users\Luis Díaz\.m2\repository\org\antlr\stringtemplate\3.2.1\stringtemplate-3.2.1.jar;C:\Users\Luis Díaz\.m2\repository\antlr\antlr\2.7.7\antlr-2.7.7.jar;C:\Users\Luis Díaz\.m2\repository\com\google\code\gson\gson\2.10.1\gson-2.10.1.jar;C:\Users\Luis Díaz\.m2\repository\com\netflix\servo\servo-core\0.5.3\servo-core-0.5.3.jar;C:\Users\Luis Díaz\.m2\repository\org\apache\commons\commons-math\2.2\commons-math-2.2.jar;C:\Users\Luis Díaz\.m2\repository\javax\annotation\javax.annotation-api\1.2\javax.annotation-api-1.2.jar;C:\Users\Luis Díaz\.m2\repository\org\codehaus\jettison\jettison\1.5.4\jettison-1.5.4.jar;C:\Users\Luis Díaz\.m2\repository\com\netflix\eureka\eureka-core\2.0.3\eureka-core-2.0.3.jar;C:\Users\Luis Díaz\.m2\repository\com\fasterxml\woodstox\woodstox-core\6.2.1\woodstox-core-6.2.1.jar;C:\Users\Luis Díaz\.m2\repository\org\codehaus\woodstox\stax2-api\4.2.1\stax2-api-4.2.1.jar;C:\Users\Luis Díaz\.m2\repository\com\google\guava\guava\33.0.0-jre\guava-33.0.0-jre.jar;C:\Users\Luis Díaz\.m2\repository\com\google\guava\failureaccess\1.0.2\failureaccess-1.0.2.jar;C:\Users\Luis Díaz\.m2\repository\com\google\guava\listenablefuture\9999.0-empty-to-avoid-conflict-with-guava\listenablefuture-9999.0-empty-to-avoid-conflict-with-guava.jar;C:\Users\Luis Díaz\.m2\repository\org\checkerframework\checker-qual\3.41.0\checker-qual-3.41.0.jar;C:\Users\Luis Díaz\.m2\repository\com\google\errorprone\error_prone_annotations\2.23.0\error_prone_annotations-2.23.0.jar;C:\Users\Luis Díaz\.m2\repository\com\google\j2objc\j2objc-annotations\2.8\j2objc-annotations-2.8.jar;C:\Users\Luis Díaz\.m2\repository\org\springframework\cloud\spring-cloud-starter-loadbalancer\4.1.4\spring-cloud-starter-loadbalancer-4.1.4.jar;C:\Users\Luis Díaz\.m2\repository\org\springframework\cloud\spring-cloud-loadbalancer\4.1.4\spring-cloud-loadbalancer-4.1.4.jar;C:\Users\Luis Díaz\.m2\repository\io\projectreactor\reactor-core\3.6.10\reactor-core-3.6.10.jar;C:\Users\Luis Díaz\.m2\repository\org\reactivestreams\reactive-streams\1.0.4\reactive-streams-1.0.4.jar;C:\Users\Luis Díaz\.m2\repository\io\projectreactor\addons\reactor-extra\3.5.2\reactor-extra-3.5.2.jar;C:\Users\Luis Díaz\.m2\repository\org\springframework\boot\spring-boot-starter-cache\3.3.4\spring-boot-starter-cache-3.3.4.jar;C:\Users\Luis Díaz\.m2\repository\org\springframework\spring-context-support\6.1.13\spring-context-support-6.1.13.jar;C:\Users\Luis Díaz\.m2\repository\com\stoyanr\evictor\1.0.0\evictor-1.0.0.jar;C:\Users\Luis Díaz\.m2\repository\com\mysql\mysql-connector-j\8.3.0\mysql-connector-j-8.3.0.jar;C:\Users\Luis Díaz\.m2\repository\org\projectlombok\lombok\1.18.36\lombok-1.18.36.jar;C:\Users\Luis Díaz\.m2\repository\io\jsonwebtoken\jjwt-api\0.12.3\jjwt-api-0.12.3.jar;C:\Users\Luis Díaz\.m2\repository\io\jsonwebtoken\jjwt-impl\0.12.3\jjwt-impl-0.12.3.jar;C:\Users\Luis Díaz\.m2\repository\io\jsonwebtoken\jjwt-jackson\0.12.3\jjwt-jackson-0.12.3.jar;C:\Users\Luis Díaz\.m2\repository\com\fasterxml\jackson\core\jackson-databind\2.17.2\jackson-databind-2.17.2.jar;C:\Users\Luis Díaz\.m2\repository\org\springdoc\springdoc-openapi-starter-webmvc-ui\2.5.0\springdoc-openapi-starter-webmvc-ui-2.5.0.jar;C:\Users\Luis Díaz\.m2\repository\org\springdoc\springdoc-openapi-starter-webmvc-api\2.5.0\springdoc-openapi-starter-webmvc-api-2.5.0.jar;C:\Users\Luis Díaz\.m2\repository\org\springdoc\springdoc-openapi-starter-common\2.5.0\springdoc-openapi-starter-common-2.5.0.jar;C:\Users\Luis Díaz\.m2\repository\io\swagger\core\v3\swagger-core-jakarta\2.2.21\swagger-core-jakarta-2.2.21.jar;C:\Users\Luis Díaz\.m2\repository\io\swagger\core\v3\swagger-annotations-jakarta\2.2.21\swagger-annotations-jakarta-2.2.21.jar;C:\Users\Luis Díaz\.m2\repository\io\swagger\core\v3\swagger-models-jakarta\2.2.21\swagger-models-jakarta-2.2.21.jar;C:\Users\Luis Díaz\.m2\repository\com\fasterxml\jackson\dataformat\jackson-dataformat-yaml\2.17.2\jackson-dataformat-yaml-2.17.2.jar;C:\Users\Luis Díaz\.m2\repository\org\webjars\swagger-ui\5.13.0\swagger-ui-5.13.0.jar;C:\Users\Luis Díaz\.m2\repository\org\apache\commons\commons-lang3\3.12.0\commons-lang3-3.12.0.jar;C:\Users\Luis Díaz\.m2\repository\io\github\encryptorcode\pluralize\1.0.0\pluralize-1.0.0.jar;C:\Users\Luis Díaz\.m2\repository\org\springframework\boot\spring-boot-starter-actuator\3.3.4\spring-boot-starter-actuator-3.3.4.jar;C:\Users\Luis Díaz\.m2\repository\org\springframework\boot\spring-boot-actuator-autoconfigure\3.3.4\spring-boot-actuator-autoconfigure-3.3.4.jar;C:\Users\Luis Díaz\.m2\repository\org\springframework\boot\spring-boot-actuator\3.3.4\spring-boot-actuator-3.3.4.jar;C:\Users\Luis Díaz\.m2\repository\io\micrometer\micrometer-observation\1.13.4\micrometer-observation-1.13.4.jar;C:\Users\Luis Díaz\.m2\repository\io\micrometer\micrometer-commons\1.13.4\micrometer-commons-1.13.4.jar;C:\Users\Luis Díaz\.m2\repository\io\micrometer\micrometer-jakarta9\1.13.4\micrometer-jakarta9-1.13.4.jar;C:\Users\Luis Díaz\.m2\repository\io\micrometer\micrometer-core\1.13.4\micrometer-core-1.13.4.jar;C:\Users\Luis Díaz\.m2\repository\org\hdrhistogram\HdrHistogram\2.2.2\HdrHistogram-2.2.2.jar;C:\Users\Luis Díaz\.m2\repository\org\latencyutils\LatencyUtils\2.0.3\LatencyUtils-2.0.3.jar;C:\Users\Luis Díaz\.m2\repository\jakarta\xml\bind\jakarta.xml.bind-api\4.0.2\jakarta.xml.bind-api-4.0.2.jar;C:\Users\Luis Díaz\.m2\repository\jakarta\activation\jakarta.activation-api\2.1.3\jakarta.activation-api-2.1.3.jar;C:\Users\Luis Díaz\.m2\repository\org\springframework\spring-core\6.1.13\spring-core-6.1.13.jar;C:\Users\Luis Díaz\.m2\repository\org\springframework\spring-jcl\6.1.13\spring-jcl-6.1.13.jar;C:\Users\Luis Díaz\.m2\repository\org\springframework\security\spring-security-core\6.3.3\spring-security-core-6.3.3.jar;C:\Users\Luis Díaz\.m2\repository\org\springframework\security\spring-security-crypto\6.3.3\spring-security-crypto-6.3.3.jar
Launcher Type: SUN_STANDARD

[Global flags]
     intx CICompilerCount                          = 12                                        {product} {ergonomic}
     uint ConcGCThreads                            = 3                                         {product} {ergonomic}
     bool FlightRecorder                           = true                                      {product} {management}
     uint G1ConcRefinementThreads                  = 13                                        {product} {ergonomic}
   size_t G1HeapRegionSize                         = 4194304                                   {product} {ergonomic}
    uintx GCDrainStackTargetSize                   = 64                                        {product} {ergonomic}
   size_t InitialHeapSize                          = 402653184                                 {product} {ergonomic}
     bool ManagementServer                         = true                                      {product} {command line}
   size_t MarkStackSize                            = 4194304                                   {product} {ergonomic}
   size_t MaxHeapSize                              = 6383730688                                {product} {ergonomic}
   size_t MaxNewSize                               = 3829399552                                {product} {ergonomic}
   size_t MinHeapDeltaBytes                        = 4194304                                   {product} {ergonomic}
   size_t MinHeapSize                              = 8388608                                   {product} {ergonomic}
    uintx NonNMethodCodeHeapSize                   = 4096                                   {pd product} {ergonomic}
    uintx NonProfiledCodeHeapSize                  = 0                                      {pd product} {ergonomic}
     bool ProfileInterpreter                       = false                                  {pd product} {command line}
    uintx ProfiledCodeHeapSize                     = 0                                      {pd product} {ergonomic}
   size_t SoftMaxHeapSize                          = 6383730688                             {manageable} {ergonomic}
     intx TieredStopAtLevel                        = 1                                         {product} {command line}
     bool UseCompressedOops                        = true                           {product lp64_product} {ergonomic}
     bool UseG1GC                                  = true                                      {product} {ergonomic}
     bool UseLargePagesIndividualAllocation        = false                                  {pd product} {ergonomic}

Logging:
Log output configuration:
 #0: stdout all=warning uptime,level,tags foldmultilines=false
 #1: stderr all=off uptime,level,tags foldmultilines=false

Release file:
IMPLEMENTOR="Microsoft" 
IMPLEMENTOR_VERSION="Microsoft-13877171" 
JAVA_RUNTIME_VERSION="21.0.11+10-LTS" 
JAVA_VERSION="21.0.11" 
JAVA_VERSION_DATE="2026-04-21" 
LIBC="default" 
MODULES="java.base java.compiler java.datatransfer java.xml java.prefs java.desktop java.instrument java.logging java.management java.security.sasl java.naming java.rmi java.management.rmi java.net.http java.scripting java.security.jgss java.transaction.xa java.sql java.sql.rowset java.xml.crypto java.se java.smartcardio jdk.accessibility jdk.internal.jvmstat jdk.attach jdk.charsets jdk.internal.opt jdk.zipfs jdk.compiler jdk.crypto.ec jdk.crypto.cryptoki jdk.crypto.mscapi jdk.dynalink jdk.internal.ed jdk.editpad jdk.hotspot.agent jdk.httpserver jdk.incubator.vector jdk.internal.le jdk.internal.vm.ci jdk.internal.vm.compiler jdk.internal.vm.compiler.management jdk.jartool jdk.javadoc jdk.jcmd jdk.management jdk.management.agent jdk.jconsole jdk.jdeps jdk.jdwp.agent jdk.jdi jdk.jfr jdk.jlink jdk.jpackage jdk.jshell jdk.jsobject jdk.jstatd jdk.localedata jdk.management.jfr jdk.naming.dns jdk.naming.rmi jdk.net jdk.nio.mapmode jdk.random jdk.sctp jdk.security.auth jdk.security.jgss jdk.unsupported jdk.unsupported.desktop jdk.xml.dom" 
OS_ARCH="x86_64" 
OS_NAME="Windows" 
SOURCE=".:git:87e312d67249" 

Environment Variables:
PATH=C:\Python313\Scripts\;C:\Python313\;D:\Taller linux\bin\;C:\Program Files\Microsoft MPI\Bin\;C:\Program Files\Common Files\Oracle\Java\javapath;C:\Program Files (x86)\Common Files\Oracle\Java\java8path;C:\Program Files (x86)\Common Files\Oracle\Java\javapath;C:\Program Files\Microsoft\jdk-11.0.16.101-hotspot\bin;C:\Windows\system32;C:\Windows;C:\Windows\System32\Wbem;C:\Windows\System32\WindowsPowerShell\v1.0\;C:\Windows\System32\OpenSSH\;C:\Program Files (x86)\NVIDIA Corporation\PhysX\Common;C:\Program Files\NVIDIA Corporation\NVIDIA NvDLISR;C:\WINDOWS\system32;C:\WINDOWS;C:\WINDOWS\System32\Wbem;C:\WINDOWS\System32\WindowsPowerShell\v1.0\;C:\WINDOWS\System32\OpenSSH\;C:\HashiCorp\Vagrant\bin;C:\Program Files\dotnet\;C:\Program Files (x86)\Microsoft SQL Server\160\Tools\Binn\;C:\Program Files\Microsoft SQL Server\160\Tools\Binn\;C:\Program Files\Microsoft SQL Server\Client SDK\ODBC\170\Tools\Binn\;C:\Program Files\Microsoft SQL Server\160\DTS\Binn\;C:\Program Files (x86)\Microsoft SQL Server\160\DTS\Binn\;C:;C:\nvm;C:\Program Files\nodejs;C:\Program Files\Graphviz\bin;%ANDROID_HOME%\platform-tools;%ANDROID_HOME%\emulator;%ANDROID_HOME%\tools;C:\Users\Luis Díaz;C:\msys64\ucrt64\bin;C:\Python313\Scripts\;C:\Python313\;D:\Taller linux\bin\;C:\Program Files\Microsoft MPI\Bin\;C:\Program Files\Common Files\Oracle\Java\javapath;C:\Program Files (x86)\Common Files\Oracle\Java\java8path;C:\Program Files (x86)\Common Files\Oracle\Java\javapath;C:\Program Files\Microsoft\jdk-11.0.16.101-hotspot\bin;C:\Windows\system32;C:\Windows;C:\Windows\System32\Wbem;C:\Windows\System32\WindowsPowerShell\v1.0\;C:\Windows\System32\OpenSSH\;C:\Program Files (x86)\NVIDIA Corporation\PhysX\Common;C:\Program Files\NVIDIA Corporation\NVIDIA NvDLISR;C:\WINDOWS\system32;C:\WINDOWS;C:\WINDOWS\System32\Wbem;C:\WINDOWS\System32\WindowsPowerShell\v1.0\;C:\WINDOWS\System32\OpenSSH\;C:\HashiCorp\Vagrant\bin;C:\Program Files\dotnet\;C:\Program Files (x86)\Microsoft SQL Server\160\Tools\Binn\;C:\Program Files\Microsoft SQL Server\160\Tools\Binn\;C:\Program Files\Microsoft SQL Server\Client SDK\ODBC\170\Tools\Binn\;C:\Program Files\Microsoft SQL Server\160\DTS\Binn\;C:\Program Files (x86)\Microsoft SQL Server\160\DTS\Binn\;C:\Program Files\Git\cmd;C:\Program Files\nvm;C:\Program Files\nodejs;C:\Program Files\nodejs\;C:\ProgramData\chocolatey\bin;C:\Program Files\MySQL\MySQL Shell 8.0\bin\;C:\Users\Luis Díaz\AppData\Local\Programs\Python\Python312\Scripts\;C:\Users\Luis Díaz\AppData\Local\Programs\Python\Python312\;C:\Users\Luis Díaz\AppData\Local\Programs\Python\Python311\Scripts\;C:\Users\Luis Díaz\AppData\Local\Programs\Python\Python311\;C:\Users\Luis Díaz\AppData\Local\Microsoft\WindowsApps;C:\Users\Luis Díaz\.dotnet\tools;D:\ciclo 3\diseño y patrones de software\Microsoft VS Code\bin;D:\ciclo 1\ética\;C:\Users\Luis Díaz\AppData\Local\Programs\Ollama;C:\Users\Luis Díaz\AppData\Local\JetBrains\Toolbox\scripts;C:\dev\flutter\bin;C:\dart-sdk\bin;C:\nvm;C:\Program Files\nodejs;C:\msys64\ucrt64\bin;C:\Users\Luis Díaz\.dotnet\tools
USERNAME=Luis Díaz
OS=Windows_NT
PROCESSOR_IDENTIFIER=Intel64 Family 6 Model 141 Stepping 1, GenuineIntel
TMP=C:\Users\LUISDA~1\AppData\Local\Temp
TEMP=C:\Users\LUISDA~1\AppData\Local\Temp




Periodic native trim disabled

---------------  S Y S T E M  ---------------

OS:
 Windows 11 , 64 bit Build 26100 (10.0.26100.8328)
OS uptime: 0 days 9:07 hours

CPU: total 16 (initial active 16) (8 cores per cpu, 2 threads per core) family 6 model 141 stepping 1 microcode 0x3c, cx8, cmov, fxsr, ht, mmx, 3dnowpref, sse, sse2, sse3, ssse3, sse4.1, sse4.2, popcnt, lzcnt, tsc, tscinvbit, avx, avx2, aes, erms, clmul, bmi1, bmi2, adx, avx512f, avx512dq, avx512cd, avx512bw, avx512vl, sha, fma, vzeroupper, avx512_vpopcntdq, avx512_vpclmulqdq, avx512_vaes, avx512_vnni, clflush, clflushopt, clwb, avx512_vbmi2, avx512_vbmi, rdtscp, rdpid, fsrm, gfni, avx512_bitalg, f16c, pku, cet_ibt, cet_ss, avx512_ifma
Processor Information for the first 16 processors :
  Max Mhz: 2304, Current Mhz: 2304, Mhz Limit: 2304

Memory: 4k page, system-wide physical 24339M (5530M free)
TotalPageFile size 35603M (AvailPageFile size 13290M)
current process WorkingSet (physical memory assigned to process): 272M, peak: 272M
current process commit charge ("private bytes"): 340M, peak: 528M

vm_info: OpenJDK 64-Bit Server VM (21.0.11+10-LTS) for windows-amd64 JRE (21.0.11+10-LTS), built on 2026-04-18T18:13:49Z by "MicrosoftCorporation" with MS VC++ 17.14 (VS2022)

END.
